{
  "type": "FeatureCollection",
  "features": [
    {
      "type": "Feature",
      "geometry": {
        "type": "LineString",
        "coordinates": [
          [
            -79.478699,
            43.630967
          ],
          [
            -79.478694,
            43.630877
          ],
          [
            -79.47868,
            43.630832
          ],
          [
            -79.478649,
            43.630808
          ],
          [
            -79.478582,
            43.63077
          ],
          [
            -79.47848,
            43.630752
          ],
          [
            -79.478402,
            43.630781
          ],
          [
            -79.478349,
            43.63083
          ],
          [
            -79.4783,
            43.630913
          ],
          [
            -79.478278,
            43.630986
          ],
          [
            -79.478284,
            43.631037
          ],
          [
            -79.478311,
            43.631076
          ],
          [
            -79.478314,
            43.631081
          ],
          [
            -79.478365,
            43.631128
          ],
          [
            -79.478459,
            43.631202
          ],
          [
            -79.478473,
            43.63124
          ],
          [
            -79.478481,
            43.631289
          ],
          [
            -79.478378,
            43.63151
          ],
          [
            -79.478376,
            43.631518
          ],
          [
            -79.478221,
            43.632003
          ],
          [
            -79.477659,
            43.632181
          ],
          [
            -79.477325,
            43.632289
          ],
          [
            -79.4772,
            43.632325
          ],
          [
            -79.477023,
            43.632383
          ],
          [
            -79.476851,
            43.63246
          ],
          [
            -79.476731,
            43.632527
          ],
          [
            -79.476618,
            43.632604
          ],
          [
            -79.476538,
            43.632667
          ],
          [
            -79.476464,
            43.632734
          ],
          [
            -79.476447,
            43.632748
          ],
          [
            -79.476367,
            43.63282
          ],
          [
            -79.476267,
            43.632909
          ],
          [
            -79.476189,
            43.632972
          ],
          [
            -79.475675,
            43.633377
          ],
          [
            -79.47554,
            43.633483
          ],
          [
            -79.475449,
            43.633562
          ],
          [
            -79.475358,
            43.633643
          ],
          [
            -79.475267,
            43.633724
          ],
          [
            -79.475178,
            43.633809
          ],
          [
            -79.475128,
            43.633854
          ],
          [
            -79.475088,
            43.63389
          ],
          [
            -79.475,
            43.633976
          ],
          [
            -79.474823,
            43.634148
          ],
          [
            -79.474738,
            43.634228
          ],
          [
            -79.474652,
            43.634313
          ],
          [
            -79.474567,
            43.634403
          ],
          [
            -79.474493,
            43.634478
          ],
          [
            -79.474482,
            43.634489
          ],
          [
            -79.474398,
            43.634574
          ],
          [
            -79.474315,
            43.63466
          ],
          [
            -79.474232,
            43.634745
          ],
          [
            -79.474126,
            43.634853
          ],
          [
            -79.474028,
            43.634957
          ],
          [
            -79.47393,
            43.63506
          ],
          [
            -79.47383,
            43.635164
          ],
          [
            -79.47373,
            43.635267
          ],
          [
            -79.473629,
            43.635371
          ],
          [
            -79.473525,
            43.635474
          ],
          [
            -79.473493,
            43.635492
          ],
          [
            -79.473321,
            43.635663
          ],
          [
            -79.473202,
            43.635769
          ],
          [
            -79.4731,
            43.63586
          ],
          [
            -79.473002,
            43.635942
          ],
          [
            -79.47292,
            43.636013
          ],
          [
            -79.472901,
            43.636026
          ],
          [
            -79.472841,
            43.636069
          ],
          [
            -79.472733,
            43.636142
          ],
          [
            -79.472618,
            43.636217
          ],
          [
            -79.472528,
            43.636272
          ],
          [
            -79.472373,
            43.636361
          ],
          [
            -79.472317,
            43.636392
          ],
          [
            -79.472262,
            43.636424
          ],
          [
            -79.472205,
            43.636455
          ],
          [
            -79.472148,
            43.636482
          ],
          [
            -79.472091,
            43.636514
          ],
          [
            -79.472033,
            43.636545
          ],
          [
            -79.471975,
            43.636572
          ],
          [
            -79.471916,
            43.636604
          ],
          [
            -79.471857,
            43.636631
          ],
          [
            -79.471798,
            43.636658
          ],
          [
            -79.471738,
            43.636685
          ],
          [
            -79.471677,
            43.636716
          ],
          [
            -79.471616,
            43.636739
          ],
          [
            -79.471555,
            43.636766
          ],
          [
            -79.471493,
            43.636793
          ],
          [
            -79.471432,
            43.636815
          ],
          [
            -79.471369,
            43.636842
          ],
          [
            -79.471306,
            43.636865
          ],
          [
            -79.471243,
            43.636887
          ],
          [
            -79.471179,
            43.63691
          ],
          [
            -79.471115,
            43.636932
          ],
          [
            -79.471043,
            43.636957
          ],
          [
            -79.470986,
            43.636977
          ],
          [
            -79.470922,
            43.636995
          ],
          [
            -79.470856,
            43.637018
          ],
          [
            -79.470791,
            43.637036
          ],
          [
            -79.470725,
            43.637058
          ],
          [
            -79.470659,
            43.637076
          ],
          [
            -79.470592,
            43.63709
          ],
          [
            -79.470533,
            43.637108
          ],
          [
            -79.470526,
            43.637109
          ],
          [
            -79.470449,
            43.637121
          ],
          [
            -79.470364,
            43.637139
          ],
          [
            -79.470279,
            43.637153
          ],
          [
            -79.470194,
            43.637166
          ],
          [
            -79.470108,
            43.63718
          ],
          [
            -79.470023,
            43.637193
          ],
          [
            -79.469937,
            43.637206
          ],
          [
            -79.469914,
            43.63721
          ],
          [
            -79.469851,
            43.63722
          ],
          [
            -79.469766,
            43.637229
          ],
          [
            -79.46968,
            43.637238
          ],
          [
            -79.469593,
            43.637251
          ],
          [
            -79.469507,
            43.63726
          ],
          [
            -79.469419,
            43.637265
          ],
          [
            -79.469295,
            43.637283
          ],
          [
            -79.469172,
            43.637296
          ],
          [
            -79.469048,
            43.637314
          ],
          [
            -79.468979,
            43.637324
          ],
          [
            -79.468924,
            43.637332
          ],
          [
            -79.468801,
            43.637346
          ],
          [
            -79.468678,
            43.637368
          ],
          [
            -79.468555,
            43.637386
          ],
          [
            -79.468432,
            43.637404
          ],
          [
            -79.468402,
            43.63741
          ],
          [
            -79.468309,
            43.637427
          ],
          [
            -79.468187,
            43.637445
          ],
          [
            -79.468064,
            43.637467
          ],
          [
            -79.467942,
            43.63749
          ],
          [
            -79.46782,
            43.637508
          ],
          [
            -79.467698,
            43.63753
          ],
          [
            -79.467577,
            43.637553
          ],
          [
            -79.467455,
            43.637579
          ],
          [
            -79.467282,
            43.637605
          ],
          [
            -79.467168,
            43.637624
          ],
          [
            -79.467066,
            43.637642
          ],
          [
            -79.466964,
            43.637665
          ],
          [
            -79.466862,
            43.637683
          ],
          [
            -79.466761,
            43.637705
          ],
          [
            -79.466659,
            43.637728
          ],
          [
            -79.466559,
            43.637746
          ],
          [
            -79.466452,
            43.63777
          ],
          [
            -79.466358,
            43.637795
          ],
          [
            -79.466257,
            43.637818
          ],
          [
            -79.466157,
            43.63784
          ],
          [
            -79.466058,
            43.637867
          ],
          [
            -79.465958,
            43.63789
          ],
          [
            -79.465859,
            43.637917
          ],
          [
            -79.465761,
            43.637944
          ],
          [
            -79.465662,
            43.637971
          ],
          [
            -79.465564,
            43.637998
          ],
          [
            -79.465466,
            43.638025
          ],
          [
            -79.465368,
            43.638056
          ],
          [
            -79.465271,
            43.638083
          ],
          [
            -79.465174,
            43.638114
          ],
          [
            -79.465074,
            43.638146
          ],
          [
            -79.464968,
            43.638186
          ],
          [
            -79.464862,
            43.638222
          ],
          [
            -79.464755,
            43.638258
          ],
          [
            -79.464648,
            43.638294
          ],
          [
            -79.464541,
            43.63833
          ],
          [
            -79.464433,
            43.638366
          ],
          [
            -79.464326,
            43.638402
          ],
          [
            -79.464217,
            43.638434
          ],
          [
            -79.464109,
            43.63847
          ],
          [
            -79.464,
            43.638506
          ],
          [
            -79.463891,
            43.638537
          ],
          [
            -79.463781,
            43.638569
          ],
          [
            -79.463672,
            43.6386
          ],
          [
            -79.463562,
            43.638632
          ],
          [
            -79.463451,
            43.638663
          ],
          [
            -79.463341,
            43.63869
          ],
          [
            -79.46323,
            43.638721
          ],
          [
            -79.463119,
            43.638753
          ],
          [
            -79.463007,
            43.63878
          ],
          [
            -79.462896,
            43.638807
          ],
          [
            -79.462784,
            43.638834
          ],
          [
            -79.462671,
            43.638865
          ],
          [
            -79.462556,
            43.638888
          ],
          [
            -79.462478,
            43.638915
          ],
          [
            -79.462398,
            43.638942
          ],
          [
            -79.462319,
            43.638969
          ],
          [
            -79.462238,
            43.638991
          ],
          [
            -79.462158,
            43.639018
          ],
          [
            -79.462078,
            43.639041
          ],
          [
            -79.461997,
            43.639063
          ],
          [
            -79.461915,
            43.639086
          ],
          [
            -79.461834,
            43.639104
          ],
          [
            -79.461752,
            43.639131
          ],
          [
            -79.46167,
            43.639149
          ],
          [
            -79.461588,
            43.639167
          ],
          [
            -79.461505,
            43.639189
          ],
          [
            -79.461423,
            43.639207
          ],
          [
            -79.46134,
            43.639225
          ],
          [
            -79.461257,
            43.639243
          ],
          [
            -79.461173,
            43.639265
          ],
          [
            -79.461089,
            43.639279
          ],
          [
            -79.461005,
            43.639297
          ],
          [
            -79.460921,
            43.63931
          ],
          [
            -79.460837,
            43.639328
          ],
          [
            -79.460753,
            43.639342
          ],
          [
            -79.460668,
            43.639355
          ],
          [
            -79.460584,
            43.639369
          ],
          [
            -79.460499,
            43.639382
          ],
          [
            -79.460413,
            43.639396
          ],
          [
            -79.460328,
            43.639409
          ],
          [
            -79.460243,
            43.639418
          ],
          [
            -79.460157,
            43.639432
          ],
          [
            -79.460072,
            43.639441
          ],
          [
            -79.459971,
            43.639454
          ],
          [
            -79.459865,
            43.639472
          ],
          [
            -79.45976,
            43.63949
          ],
          [
            -79.459654,
            43.639503
          ],
          [
            -79.459547,
            43.639517
          ],
          [
            -79.459387,
            43.639535
          ],
          [
            -79.459335,
            43.639544
          ],
          [
            -79.459228,
            43.639557
          ],
          [
            -79.459121,
            43.639566
          ],
          [
            -79.459014,
            43.63958
          ],
          [
            -79.458907,
            43.639593
          ],
          [
            -79.458801,
            43.639598
          ],
          [
            -79.458693,
            43.639607
          ],
          [
            -79.458586,
            43.63962
          ],
          [
            -79.458478,
            43.639629
          ],
          [
            -79.458371,
            43.639634
          ],
          [
            -79.458263,
            43.639643
          ],
          [
            -79.458156,
            43.639647
          ],
          [
            -79.458048,
            43.639656
          ],
          [
            -79.45794,
            43.63966
          ],
          [
            -79.457833,
            43.639665
          ],
          [
            -79.457725,
            43.639669
          ],
          [
            -79.45762,
            43.639674
          ],
          [
            -79.457412,
            43.639674
          ],
          [
            -79.457204,
            43.639674
          ],
          [
            -79.456995,
            43.639678
          ],
          [
            -79.456787,
            43.639678
          ],
          [
            -79.456579,
            43.639682
          ],
          [
            -79.456371,
            43.639687
          ],
          [
            -79.456163,
            43.639687
          ],
          [
            -79.455955,
            43.639696
          ],
          [
            -79.455747,
            43.6397
          ],
          [
            -79.455647,
            43.639696
          ],
          [
            -79.455547,
            43.639691
          ],
          [
            -79.455447,
            43.639686
          ],
          [
            -79.455346,
            43.639686
          ],
          [
            -79.455247,
            43.639682
          ],
          [
            -79.455146,
            43.639677
          ],
          [
            -79.455046,
            43.639677
          ],
          [
            -79.454946,
            43.639677
          ],
          [
            -79.454846,
            43.639677
          ],
          [
            -79.454745,
            43.639677
          ],
          [
            -79.454645,
            43.639682
          ],
          [
            -79.454545,
            43.639682
          ],
          [
            -79.454445,
            43.639686
          ],
          [
            -79.454345,
            43.639686
          ],
          [
            -79.454245,
            43.639695
          ],
          [
            -79.454145,
            43.639695
          ],
          [
            -79.454055,
            43.639703
          ],
          [
            -79.453751,
            43.639731
          ],
          [
            -79.45333,
            43.639707
          ],
          [
            -79.453076,
            43.639708
          ],
          [
            -79.452826,
            43.63971
          ],
          [
            -79.452586,
            43.639695
          ],
          [
            -79.45229,
            43.639649
          ],
          [
            -79.452128,
            43.63961
          ],
          [
            -79.45202,
            43.639574
          ],
          [
            -79.451969,
            43.639557
          ],
          [
            -79.451524,
            43.63941
          ],
          [
            -79.45131,
            43.639339
          ],
          [
            -79.449537,
            43.639003
          ],
          [
            -79.449329,
            43.638964
          ],
          [
            -79.448422,
            43.638778
          ],
          [
            -79.447874,
            43.638674
          ],
          [
            -79.447573,
            43.638618
          ],
          [
            -79.447408,
            43.638597
          ],
          [
            -79.447266,
            43.638591
          ],
          [
            -79.446913,
            43.63859
          ],
          [
            -79.446714,
            43.638614
          ],
          [
            -79.446219,
            43.638715
          ],
          [
            -79.443825,
            43.639181
          ],
          [
            -79.442496,
            43.639437
          ],
          [
            -79.442221,
            43.63949
          ],
          [
            -79.441181,
            43.639688
          ],
          [
            -79.440964,
            43.639739
          ],
          [
            -79.439863,
            43.639951
          ],
          [
            -79.439114,
            43.640103
          ],
          [
            -79.437922,
            43.640332
          ],
          [
            -79.437277,
            43.640451
          ],
          [
            -79.436668,
            43.640583
          ],
          [
            -79.435973,
            43.64072
          ],
          [
            -79.435413,
            43.640842
          ],
          [
            -79.434516,
            43.641025
          ],
          [
            -79.434166,
            43.641094
          ],
          [
            -79.433152,
            43.6413
          ],
          [
            -79.432369,
            43.641474
          ],
          [
            -79.431589,
            43.641625
          ],
          [
            -79.430121,
            43.641925
          ],
          [
            -79.429724,
            43.641999
          ],
          [
            -79.428644,
            43.642208
          ],
          [
            -79.42821,
            43.642311
          ],
          [
            -79.427159,
            43.64251
          ],
          [
            -79.425998,
            43.642765
          ],
          [
            -79.424798,
            43.643016
          ],
          [
            -79.424395,
            43.643092
          ],
          [
            -79.424375,
            43.643096
          ],
          [
            -79.424274,
            43.643116
          ],
          [
            -79.423614,
            43.643246
          ],
          [
            -79.42241,
            43.643491
          ],
          [
            -79.421802,
            43.643617
          ],
          [
            -79.421197,
            43.643726
          ],
          [
            -79.420008,
            43.643981
          ],
          [
            -79.419419,
            43.644096
          ],
          [
            -79.418861,
            43.644204
          ],
          [
            -79.417481,
            43.64448
          ],
          [
            -79.416303,
            43.644725
          ],
          [
            -79.415075,
            43.644973
          ],
          [
            -79.413976,
            43.645205
          ],
          [
            -79.413197,
            43.645366
          ],
          [
            -79.411488,
            43.6457
          ],
          [
            -79.411259,
            43.645748
          ],
          [
            -79.41079,
            43.645846
          ],
          [
            -79.409946,
            43.645996
          ],
          [
            -79.409576,
            43.64608
          ],
          [
            -79.408582,
            43.646289
          ],
          [
            -79.40771,
            43.646469
          ],
          [
            -79.407321,
            43.646542
          ],
          [
            -79.406575,
            43.646682
          ],
          [
            -79.405205,
            43.646968
          ],
          [
            -79.40401,
            43.647188
          ],
          [
            -79.402001,
            43.647613
          ],
          [
            -79.401413,
            43.647709
          ],
          [
            -79.400937,
            43.647813
          ],
          [
            -79.400597,
            43.647887
          ],
          [
            -79.400146,
            43.647975
          ],
          [
            -79.399676,
            43.648067
          ],
          [
            -79.398418,
            43.648325
          ],
          [
            -79.398178,
            43.648373
          ],
          [
            -79.397414,
            43.648538
          ],
          [
            -79.396381,
            43.648765
          ],
          [
            -79.393702,
            43.649351
          ],
          [
            -79.393448,
            43.649406
          ],
          [
            -79.392155,
            43.649681
          ],
          [
            -79.391137,
            43.649897
          ],
          [
            -79.390706,
            43.649988
          ],
          [
            -79.390504,
            43.65003
          ],
          [
            -79.39029,
            43.650073
          ],
          [
            -79.390255,
            43.650081
          ],
          [
            -79.389755,
            43.650195
          ],
          [
            -79.389476,
            43.650232
          ],
          [
            -79.388643,
            43.650421
          ],
          [
            -79.387516,
            43.650672
          ],
          [
            -79.386628,
            43.650852
          ],
          [
            -79.384964,
            43.651216
          ],
          [
            -79.38465,
            43.65044
          ],
          [
            -79.38411,
            43.649188
          ],
          [
            -79.38213,
            43.649614
          ],
          [
            -79.38081,
            43.649892
          ],
          [
            -79.379187,
            43.650257
          ],
          [
            -79.379073,
            43.650281
          ],
          [
            -79.37847,
            43.650407
          ],
          [
            -79.377936,
            43.650532
          ],
          [
            -79.377245,
            43.650669
          ],
          [
            -79.376472,
            43.650851
          ],
          [
            -79.375968,
            43.650962
          ],
          [
            -79.375915,
            43.650973
          ],
          [
            -79.374946,
            43.651185
          ],
          [
            -79.375203,
            43.651806
          ],
          [
            -79.375476,
            43.652466
          ],
          [
            -79.375617,
            43.652801
          ],
          [
            -79.375773,
            43.653168
          ],
          [
            -79.375162,
            43.653308
          ],
          [
            -79.374289,
            43.653501
          ],
          [
            -79.373254,
            43.653729
          ],
          [
            -79.372078,
            43.653957
          ],
          [
            -79.370093,
            43.654399
          ],
          [
            -79.369965,
            43.654424
          ],
          [
            -79.369459,
            43.654525
          ],
          [
            -79.369008,
            43.65462
          ],
          [
            -79.368988,
            43.654624
          ],
          [
            -79.367939,
            43.654854
          ],
          [
            -79.367895,
            43.654864
          ],
          [
            -79.367203,
            43.655015
          ],
          [
            -79.365756,
            43.65534
          ],
          [
            -79.364462,
            43.655615
          ],
          [
            -79.363442,
            43.65583
          ],
          [
            -79.363224,
            43.65588
          ],
          [
            -79.362264,
            43.656094
          ],
          [
            -79.361465,
            43.65627
          ],
          [
            -79.361014,
            43.656369
          ],
          [
            -79.360513,
            43.656479
          ],
          [
            -79.360189,
            43.656558
          ],
          [
            -79.359584,
            43.656704
          ],
          [
            -79.358924,
            43.656833
          ],
          [
            -79.35776,
            43.657097
          ],
          [
            -79.35653,
            43.657375
          ],
          [
            -79.355521,
            43.657608
          ],
          [
            -79.355469,
            43.657621
          ],
          [
            -79.354962,
            43.657737
          ],
          [
            -79.354874,
            43.657757
          ],
          [
            -79.354782,
            43.657778
          ],
          [
            -79.354659,
            43.657802
          ],
          [
            -79.354554,
            43.657823
          ],
          [
            -79.354546,
            43.657825
          ],
          [
            -79.354324,
            43.657871
          ],
          [
            -79.354174,
            43.657903
          ],
          [
            -79.353921,
            43.657957
          ],
          [
            -79.353755,
            43.657992
          ],
          [
            -79.353623,
            43.658022
          ],
          [
            -79.353347,
            43.65809
          ],
          [
            -79.352239,
            43.658332
          ],
          [
            -79.351553,
            43.658493
          ],
          [
            -79.350929,
            43.658632
          ],
          [
            -79.349852,
            43.658878
          ],
          [
            -79.348652,
            43.659151
          ],
          [
            -79.348499,
            43.659191
          ],
          [
            -79.347447,
            43.659419
          ],
          [
            -79.346743,
            43.65958
          ],
          [
            -79.346411,
            43.659663
          ],
          [
            -79.346115,
            43.659737
          ],
          [
            -79.345803,
            43.659794
          ],
          [
            -79.345674,
            43.659818
          ],
          [
            -79.34547,
            43.659862
          ],
          [
            -79.345111,
            43.659942
          ],
          [
            -79.344458,
            43.660086
          ],
          [
            -79.343591,
            43.660287
          ],
          [
            -79.342506,
            43.660529
          ],
          [
            -79.341268,
            43.660793
          ],
          [
            -79.340799,
            43.660887
          ],
          [
            -79.340092,
            43.661061
          ],
          [
            -79.338913,
            43.661338
          ],
          [
            -79.33882,
            43.661356
          ],
          [
            -79.337704,
            43.661598
          ],
          [
            -79.336315,
            43.661911
          ],
          [
            -79.335895,
            43.662009
          ],
          [
            -79.335334,
            43.662117
          ],
          [
            -79.33489,
            43.662233
          ],
          [
            -79.334315,
            43.662336
          ],
          [
            -79.334071,
            43.662416
          ],
          [
            -79.333456,
            43.662542
          ],
          [
            -79.333304,
            43.662573
          ],
          [
            -79.332814,
            43.662671
          ],
          [
            -79.332263,
            43.662805
          ],
          [
            -79.331424,
            43.662997
          ],
          [
            -79.330224,
            43.663239
          ],
          [
            -79.328997,
            43.663529
          ],
          [
            -79.327911,
            43.663799
          ],
          [
            -79.327879,
            43.663807
          ],
          [
            -79.327349,
            43.66391
          ],
          [
            -79.326216,
            43.664173
          ],
          [
            -79.325986,
            43.664223
          ],
          [
            -79.325308,
            43.664397
          ],
          [
            -79.323978,
            43.664692
          ],
          [
            -79.322388,
            43.665041
          ],
          [
            -79.321291,
            43.665291
          ],
          [
            -79.320708,
            43.66542
          ],
          [
            -79.320592,
            43.665446
          ],
          [
            -79.32002,
            43.665573
          ],
          [
            -79.31975,
            43.665622
          ],
          [
            -79.319119,
            43.665778
          ],
          [
            -79.318501,
            43.665912
          ],
          [
            -79.317659,
            43.666091
          ],
          [
            -79.316602,
            43.66636
          ],
          [
            -79.316246,
            43.666437
          ],
          [
            -79.31485,
            43.666739
          ],
          [
            -79.313556,
            43.66703
          ],
          [
            -79.312593,
            43.667244
          ],
          [
            -79.312126,
            43.667345
          ],
          [
            -79.311552,
            43.667469
          ],
          [
            -79.31144,
            43.667493
          ],
          [
            -79.311264,
            43.667531
          ],
          [
            -79.311257,
            43.667532
          ],
          [
            -79.311161,
            43.667553
          ],
          [
            -79.310335,
            43.667731
          ],
          [
            -79.309195,
            43.66799
          ],
          [
            -79.308047,
            43.668245
          ],
          [
            -79.306917,
            43.668499
          ],
          [
            -79.305775,
            43.668757
          ],
          [
            -79.304644,
            43.669001
          ],
          [
            -79.303877,
            43.669175
          ],
          [
            -79.303518,
            43.669262
          ],
          [
            -79.302235,
            43.66956
          ],
          [
            -79.301905,
            43.669619
          ],
          [
            -79.300866,
            43.669845
          ],
          [
            -79.299825,
            43.670072
          ],
          [
            -79.298905,
            43.670268
          ],
          [
            -79.298016,
            43.670462
          ],
          [
            -79.296872,
            43.670711
          ],
          [
            -79.296594,
            43.670754
          ],
          [
            -79.295754,
            43.670936
          ],
          [
            -79.295477,
            43.670992
          ],
          [
            -79.294469,
            43.67121
          ],
          [
            -79.293527,
            43.6714
          ],
          [
            -79.292738,
            43.671583
          ],
          [
            -79.292572,
            43.671611
          ],
          [
            -79.291918,
            43.671747
          ],
          [
            -79.291871,
            43.671756
          ],
          [
            -79.29101,
            43.671926
          ],
          [
            -79.28993,
            43.672146
          ],
          [
            -79.288763,
            43.672387
          ],
          [
            -79.287581,
            43.672634
          ],
          [
            -79.286328,
            43.672893
          ],
          [
            -79.285235,
            43.673117
          ],
          [
            -79.284122,
            43.673361
          ],
          [
            -79.283496,
            43.673478
          ],
          [
            -79.28308,
            43.67358
          ],
          [
            -79.28239,
            43.673722
          ],
          [
            -79.28186,
            43.673824
          ],
          [
            -79.281829,
            43.67383
          ],
          [
            -79.28174,
            43.673773
          ],
          [
            -79.281593,
            43.673736
          ],
          [
            -79.281485,
            43.673709
          ],
          [
            -79.281389,
            43.673688
          ],
          [
            -79.281334,
            43.673689
          ]
        ]
      },
      "properties": {
        "routeId": "501",
        "routeShortName": "501",
        "routeLongName": "Queen",
        "direction": 0,
        "colorHex": "#ED1C24"
      }
    },
    {
      "type": "Feature",
      "geometry": {
        "type": "LineString",
        "coordinates": [
          [
            -79.281389,
            43.673688
          ],
          [
            -79.281334,
            43.673689
          ],
          [
            -79.281279,
            43.673695
          ],
          [
            -79.281233,
            43.673712
          ],
          [
            -79.281207,
            43.673814
          ],
          [
            -79.281292,
            43.673939
          ],
          [
            -79.281829,
            43.67383
          ],
          [
            -79.28186,
            43.673824
          ],
          [
            -79.28239,
            43.673722
          ],
          [
            -79.28308,
            43.67358
          ],
          [
            -79.283496,
            43.673478
          ],
          [
            -79.284122,
            43.673361
          ],
          [
            -79.285235,
            43.673117
          ],
          [
            -79.286328,
            43.672893
          ],
          [
            -79.287581,
            43.672634
          ],
          [
            -79.288763,
            43.672387
          ],
          [
            -79.28993,
            43.672146
          ],
          [
            -79.29101,
            43.671926
          ],
          [
            -79.291871,
            43.671756
          ],
          [
            -79.291918,
            43.671747
          ],
          [
            -79.292572,
            43.671611
          ],
          [
            -79.292738,
            43.671583
          ],
          [
            -79.293527,
            43.6714
          ],
          [
            -79.294469,
            43.67121
          ],
          [
            -79.295477,
            43.670992
          ],
          [
            -79.295754,
            43.670936
          ],
          [
            -79.296594,
            43.670754
          ],
          [
            -79.296872,
            43.670711
          ],
          [
            -79.298016,
            43.670462
          ],
          [
            -79.298905,
            43.670268
          ],
          [
            -79.299825,
            43.670072
          ],
          [
            -79.300866,
            43.669845
          ],
          [
            -79.301905,
            43.669619
          ],
          [
            -79.302235,
            43.66956
          ],
          [
            -79.303518,
            43.669262
          ],
          [
            -79.303877,
            43.669175
          ],
          [
            -79.304644,
            43.669001
          ],
          [
            -79.305775,
            43.668757
          ],
          [
            -79.306917,
            43.668499
          ],
          [
            -79.308047,
            43.668245
          ],
          [
            -79.309195,
            43.66799
          ],
          [
            -79.310335,
            43.667731
          ],
          [
            -79.311161,
            43.667553
          ],
          [
            -79.311257,
            43.667532
          ],
          [
            -79.311264,
            43.667531
          ],
          [
            -79.31144,
            43.667493
          ],
          [
            -79.311552,
            43.667469
          ],
          [
            -79.312126,
            43.667345
          ],
          [
            -79.312593,
            43.667244
          ],
          [
            -79.313556,
            43.66703
          ],
          [
            -79.31485,
            43.666739
          ],
          [
            -79.316246,
            43.666437
          ],
          [
            -79.316602,
            43.66636
          ],
          [
            -79.317659,
            43.666091
          ],
          [
            -79.318501,
            43.665912
          ],
          [
            -79.319119,
            43.665778
          ],
          [
            -79.31975,
            43.665622
          ],
          [
            -79.32002,
            43.665573
          ],
          [
            -79.320592,
            43.665446
          ],
          [
            -79.320708,
            43.66542
          ],
          [
            -79.321291,
            43.665291
          ],
          [
            -79.322388,
            43.665041
          ],
          [
            -79.323978,
            43.664692
          ],
          [
            -79.325308,
            43.664397
          ],
          [
            -79.325986,
            43.664223
          ],
          [
            -79.326216,
            43.664173
          ],
          [
            -79.327349,
            43.66391
          ],
          [
            -79.327879,
            43.663807
          ],
          [
            -79.327911,
            43.663799
          ],
          [
            -79.328997,
            43.663529
          ],
          [
            -79.330224,
            43.663239
          ],
          [
            -79.331424,
            43.662997
          ],
          [
            -79.332263,
            43.662805
          ],
          [
            -79.332814,
            43.662671
          ],
          [
            -79.333304,
            43.662573
          ],
          [
            -79.333456,
            43.662542
          ],
          [
            -79.334071,
            43.662416
          ],
          [
            -79.334315,
            43.662336
          ],
          [
            -79.33489,
            43.662233
          ],
          [
            -79.335334,
            43.662117
          ],
          [
            -79.335895,
            43.662009
          ],
          [
            -79.336315,
            43.661911
          ],
          [
            -79.337704,
            43.661598
          ],
          [
            -79.33882,
            43.661356
          ],
          [
            -79.338913,
            43.661338
          ],
          [
            -79.340092,
            43.661061
          ],
          [
            -79.340799,
            43.660887
          ],
          [
            -79.341268,
            43.660793
          ],
          [
            -79.342506,
            43.660529
          ],
          [
            -79.343591,
            43.660287
          ],
          [
            -79.344458,
            43.660086
          ],
          [
            -79.345111,
            43.659942
          ],
          [
            -79.34547,
            43.659862
          ],
          [
            -79.345674,
            43.659818
          ],
          [
            -79.345803,
            43.659794
          ],
          [
            -79.346115,
            43.659737
          ],
          [
            -79.346411,
            43.659663
          ],
          [
            -79.346743,
            43.65958
          ],
          [
            -79.347447,
            43.659419
          ],
          [
            -79.348499,
            43.659191
          ],
          [
            -79.348652,
            43.659151
          ],
          [
            -79.349852,
            43.658878
          ],
          [
            -79.350929,
            43.658632
          ],
          [
            -79.351553,
            43.658493
          ],
          [
            -79.352239,
            43.658332
          ],
          [
            -79.353347,
            43.65809
          ],
          [
            -79.353623,
            43.658022
          ],
          [
            -79.353755,
            43.657992
          ],
          [
            -79.353921,
            43.657957
          ],
          [
            -79.354174,
            43.657903
          ],
          [
            -79.354324,
            43.657871
          ],
          [
            -79.354546,
            43.657825
          ],
          [
            -79.354554,
            43.657823
          ],
          [
            -79.354659,
            43.657802
          ],
          [
            -79.354782,
            43.657778
          ],
          [
            -79.354874,
            43.657757
          ],
          [
            -79.354962,
            43.657737
          ],
          [
            -79.355469,
            43.657621
          ],
          [
            -79.355521,
            43.657608
          ],
          [
            -79.35653,
            43.657375
          ],
          [
            -79.35776,
            43.657097
          ],
          [
            -79.358924,
            43.656833
          ],
          [
            -79.359584,
            43.656704
          ],
          [
            -79.360189,
            43.656558
          ],
          [
            -79.360513,
            43.656479
          ],
          [
            -79.361014,
            43.656369
          ],
          [
            -79.361465,
            43.65627
          ],
          [
            -79.362264,
            43.656094
          ],
          [
            -79.363224,
            43.65588
          ],
          [
            -79.363442,
            43.65583
          ],
          [
            -79.364462,
            43.655615
          ],
          [
            -79.365756,
            43.65534
          ],
          [
            -79.367203,
            43.655015
          ],
          [
            -79.367895,
            43.654864
          ],
          [
            -79.367939,
            43.654854
          ],
          [
            -79.368988,
            43.654624
          ],
          [
            -79.369008,
            43.65462
          ],
          [
            -79.369459,
            43.654525
          ],
          [
            -79.369965,
            43.654424
          ],
          [
            -79.370093,
            43.654399
          ],
          [
            -79.372078,
            43.653957
          ],
          [
            -79.373254,
            43.653729
          ],
          [
            -79.374289,
            43.653501
          ],
          [
            -79.375162,
            43.653308
          ],
          [
            -79.375773,
            43.653168
          ],
          [
            -79.375617,
            43.652801
          ],
          [
            -79.375476,
            43.652466
          ],
          [
            -79.376373,
            43.652258
          ],
          [
            -79.376626,
            43.6522
          ],
          [
            -79.377759,
            43.651963
          ],
          [
            -79.378984,
            43.651692
          ],
          [
            -79.381333,
            43.65117
          ],
          [
            -79.381776,
            43.651071
          ],
          [
            -79.382665,
            43.650868
          ],
          [
            -79.38465,
            43.65044
          ],
          [
            -79.384964,
            43.651216
          ],
          [
            -79.386628,
            43.650852
          ],
          [
            -79.387516,
            43.650672
          ],
          [
            -79.388643,
            43.650421
          ],
          [
            -79.389476,
            43.650232
          ],
          [
            -79.389755,
            43.650195
          ],
          [
            -79.390255,
            43.650081
          ],
          [
            -79.39029,
            43.650073
          ],
          [
            -79.390504,
            43.65003
          ],
          [
            -79.390706,
            43.649988
          ],
          [
            -79.391137,
            43.649897
          ],
          [
            -79.392155,
            43.649681
          ],
          [
            -79.393448,
            43.649406
          ],
          [
            -79.393702,
            43.649351
          ],
          [
            -79.396381,
            43.648765
          ],
          [
            -79.397414,
            43.648538
          ],
          [
            -79.398178,
            43.648373
          ],
          [
            -79.398418,
            43.648325
          ],
          [
            -79.399676,
            43.648067
          ],
          [
            -79.400146,
            43.647975
          ],
          [
            -79.400597,
            43.647887
          ],
          [
            -79.400937,
            43.647813
          ],
          [
            -79.401413,
            43.647709
          ],
          [
            -79.402001,
            43.647613
          ],
          [
            -79.40401,
            43.647188
          ],
          [
            -79.405205,
            43.646968
          ],
          [
            -79.406575,
            43.646682
          ],
          [
            -79.407321,
            43.646542
          ],
          [
            -79.40771,
            43.646469
          ],
          [
            -79.408582,
            43.646289
          ],
          [
            -79.409576,
            43.64608
          ],
          [
            -79.409946,
            43.645996
          ],
          [
            -79.41079,
            43.645846
          ],
          [
            -79.411259,
            43.645748
          ],
          [
            -79.411488,
            43.6457
          ],
          [
            -79.413197,
            43.645366
          ],
          [
            -79.413976,
            43.645205
          ],
          [
            -79.415075,
            43.644973
          ],
          [
            -79.416303,
            43.644725
          ],
          [
            -79.417481,
            43.64448
          ],
          [
            -79.418861,
            43.644204
          ],
          [
            -79.419419,
            43.644096
          ],
          [
            -79.420008,
            43.643981
          ],
          [
            -79.421197,
            43.643726
          ],
          [
            -79.421802,
            43.643617
          ],
          [
            -79.42241,
            43.643491
          ],
          [
            -79.423614,
            43.643246
          ],
          [
            -79.424274,
            43.643116
          ],
          [
            -79.424375,
            43.643096
          ],
          [
            -79.424395,
            43.643092
          ],
          [
            -79.424798,
            43.643016
          ],
          [
            -79.425998,
            43.642765
          ],
          [
            -79.427159,
            43.64251
          ],
          [
            -79.42821,
            43.642311
          ],
          [
            -79.428644,
            43.642208
          ],
          [
            -79.429724,
            43.641999
          ],
          [
            -79.430121,
            43.641925
          ],
          [
            -79.431589,
            43.641625
          ],
          [
            -79.432369,
            43.641474
          ],
          [
            -79.433157,
            43.641301
          ],
          [
            -79.434177,
            43.641091
          ],
          [
            -79.434516,
            43.641025
          ],
          [
            -79.435413,
            43.640842
          ],
          [
            -79.435973,
            43.64072
          ],
          [
            -79.436668,
            43.640583
          ],
          [
            -79.437277,
            43.640451
          ],
          [
            -79.437922,
            43.640332
          ],
          [
            -79.439114,
            43.640103
          ],
          [
            -79.439863,
            43.639951
          ],
          [
            -79.440964,
            43.639739
          ],
          [
            -79.441181,
            43.639688
          ],
          [
            -79.442221,
            43.63949
          ],
          [
            -79.442496,
            43.639437
          ],
          [
            -79.443825,
            43.639181
          ],
          [
            -79.446219,
            43.638715
          ],
          [
            -79.446714,
            43.638614
          ],
          [
            -79.446913,
            43.63859
          ],
          [
            -79.447266,
            43.638591
          ],
          [
            -79.447408,
            43.638597
          ],
          [
            -79.447573,
            43.638618
          ],
          [
            -79.447874,
            43.638674
          ],
          [
            -79.448422,
            43.638778
          ],
          [
            -79.449329,
            43.638964
          ],
          [
            -79.449537,
            43.639003
          ],
          [
            -79.45131,
            43.639339
          ],
          [
            -79.451524,
            43.63941
          ],
          [
            -79.451969,
            43.639557
          ],
          [
            -79.45202,
            43.639574
          ],
          [
            -79.452128,
            43.63961
          ],
          [
            -79.45229,
            43.639649
          ],
          [
            -79.452586,
            43.639695
          ],
          [
            -79.452826,
            43.63971
          ],
          [
            -79.453076,
            43.639708
          ],
          [
            -79.45333,
            43.639707
          ],
          [
            -79.453751,
            43.639731
          ],
          [
            -79.454055,
            43.639703
          ],
          [
            -79.454145,
            43.639695
          ],
          [
            -79.454245,
            43.639695
          ],
          [
            -79.454345,
            43.639686
          ],
          [
            -79.454445,
            43.639686
          ],
          [
            -79.454545,
            43.639682
          ],
          [
            -79.454645,
            43.639682
          ],
          [
            -79.454745,
            43.639677
          ],
          [
            -79.454846,
            43.639677
          ],
          [
            -79.454946,
            43.639677
          ],
          [
            -79.455046,
            43.639677
          ],
          [
            -79.455146,
            43.639677
          ],
          [
            -79.455247,
            43.639682
          ],
          [
            -79.455346,
            43.639686
          ],
          [
            -79.455447,
            43.639686
          ],
          [
            -79.455547,
            43.639691
          ],
          [
            -79.455647,
            43.639696
          ],
          [
            -79.455747,
            43.6397
          ],
          [
            -79.455955,
            43.639696
          ],
          [
            -79.456163,
            43.639687
          ],
          [
            -79.456371,
            43.639687
          ],
          [
            -79.456579,
            43.639682
          ],
          [
            -79.456787,
            43.639678
          ],
          [
            -79.456995,
            43.639678
          ],
          [
            -79.457204,
            43.639674
          ],
          [
            -79.457412,
            43.639674
          ],
          [
            -79.45762,
            43.639674
          ],
          [
            -79.457725,
            43.639669
          ],
          [
            -79.457833,
            43.639665
          ],
          [
            -79.45794,
            43.63966
          ],
          [
            -79.458048,
            43.639656
          ],
          [
            -79.458156,
            43.639647
          ],
          [
            -79.458263,
            43.639643
          ],
          [
            -79.458371,
            43.639634
          ],
          [
            -79.458478,
            43.639629
          ],
          [
            -79.458586,
            43.63962
          ],
          [
            -79.458693,
            43.639607
          ],
          [
            -79.458801,
            43.639598
          ],
          [
            -79.458907,
            43.639593
          ],
          [
            -79.459014,
            43.63958
          ],
          [
            -79.459121,
            43.639566
          ],
          [
            -79.459228,
            43.639557
          ],
          [
            -79.459335,
            43.639544
          ],
          [
            -79.459387,
            43.639535
          ],
          [
            -79.459547,
            43.639517
          ],
          [
            -79.459654,
            43.639503
          ],
          [
            -79.45976,
            43.63949
          ],
          [
            -79.459865,
            43.639472
          ],
          [
            -79.459971,
            43.639454
          ],
          [
            -79.460077,
            43.639441
          ],
          [
            -79.460157,
            43.639432
          ],
          [
            -79.460243,
            43.639418
          ],
          [
            -79.460328,
            43.639409
          ],
          [
            -79.460413,
            43.639396
          ],
          [
            -79.460499,
            43.639382
          ],
          [
            -79.460584,
            43.639369
          ],
          [
            -79.460668,
            43.639355
          ],
          [
            -79.460753,
            43.639342
          ],
          [
            -79.460837,
            43.639328
          ],
          [
            -79.460921,
            43.63931
          ],
          [
            -79.461005,
            43.639297
          ],
          [
            -79.461089,
            43.639279
          ],
          [
            -79.461173,
            43.639265
          ],
          [
            -79.461257,
            43.639243
          ],
          [
            -79.46134,
            43.639225
          ],
          [
            -79.461423,
            43.639207
          ],
          [
            -79.461505,
            43.639189
          ],
          [
            -79.461588,
            43.639167
          ],
          [
            -79.46167,
            43.639149
          ],
          [
            -79.461752,
            43.639131
          ],
          [
            -79.461834,
            43.639104
          ],
          [
            -79.461915,
            43.639086
          ],
          [
            -79.461997,
            43.639063
          ],
          [
            -79.462078,
            43.639041
          ],
          [
            -79.462158,
            43.639018
          ],
          [
            -79.462238,
            43.638991
          ],
          [
            -79.462319,
            43.638969
          ],
          [
            -79.462398,
            43.638942
          ],
          [
            -79.462478,
            43.638915
          ],
          [
            -79.462556,
            43.638888
          ],
          [
            -79.462671,
            43.638865
          ],
          [
            -79.462784,
            43.638834
          ],
          [
            -79.462896,
            43.638807
          ],
          [
            -79.463007,
            43.63878
          ],
          [
            -79.463119,
            43.638753
          ],
          [
            -79.46323,
            43.638721
          ],
          [
            -79.463341,
            43.63869
          ],
          [
            -79.463451,
            43.638663
          ],
          [
            -79.463562,
            43.638632
          ],
          [
            -79.463672,
            43.6386
          ],
          [
            -79.463781,
            43.638569
          ],
          [
            -79.463891,
            43.638537
          ],
          [
            -79.464,
            43.638506
          ],
          [
            -79.464109,
            43.63847
          ],
          [
            -79.464217,
            43.638434
          ],
          [
            -79.464326,
            43.638402
          ],
          [
            -79.464433,
            43.638366
          ],
          [
            -79.464541,
            43.63833
          ],
          [
            -79.464648,
            43.638294
          ],
          [
            -79.464755,
            43.638258
          ],
          [
            -79.464862,
            43.638222
          ],
          [
            -79.464968,
            43.638186
          ],
          [
            -79.465074,
            43.638146
          ],
          [
            -79.465174,
            43.638114
          ],
          [
            -79.465271,
            43.638083
          ],
          [
            -79.465368,
            43.638056
          ],
          [
            -79.465466,
            43.638025
          ],
          [
            -79.465564,
            43.637998
          ],
          [
            -79.465662,
            43.637971
          ],
          [
            -79.465761,
            43.637944
          ],
          [
            -79.465859,
            43.637917
          ],
          [
            -79.465958,
            43.63789
          ],
          [
            -79.466058,
            43.637867
          ],
          [
            -79.466157,
            43.63784
          ],
          [
            -79.466257,
            43.637818
          ],
          [
            -79.466358,
            43.637795
          ],
          [
            -79.466452,
            43.63777
          ],
          [
            -79.466559,
            43.637746
          ],
          [
            -79.466659,
            43.637728
          ],
          [
            -79.466761,
            43.637705
          ],
          [
            -79.466862,
            43.637683
          ],
          [
            -79.466964,
            43.637665
          ],
          [
            -79.467066,
            43.637642
          ],
          [
            -79.467168,
            43.637624
          ],
          [
            -79.467282,
            43.637605
          ],
          [
            -79.467455,
            43.637579
          ],
          [
            -79.467577,
            43.637553
          ],
          [
            -79.467698,
            43.63753
          ],
          [
            -79.46782,
            43.637508
          ],
          [
            -79.467942,
            43.63749
          ],
          [
            -79.468064,
            43.637467
          ],
          [
            -79.468187,
            43.637445
          ],
          [
            -79.468309,
            43.637427
          ],
          [
            -79.468402,
            43.63741
          ],
          [
            -79.468432,
            43.637404
          ],
          [
            -79.468555,
            43.637386
          ],
          [
            -79.468678,
            43.637368
          ],
          [
            -79.468801,
            43.637346
          ],
          [
            -79.468924,
            43.637332
          ],
          [
            -79.468979,
            43.637324
          ],
          [
            -79.469048,
            43.637314
          ],
          [
            -79.469172,
            43.637296
          ],
          [
            -79.469295,
            43.637283
          ],
          [
            -79.469419,
            43.637265
          ],
          [
            -79.469507,
            43.63726
          ],
          [
            -79.469593,
            43.637251
          ],
          [
            -79.46968,
            43.637238
          ],
          [
            -79.469766,
            43.637229
          ],
          [
            -79.469851,
            43.63722
          ],
          [
            -79.469914,
            43.63721
          ],
          [
            -79.469937,
            43.637206
          ],
          [
            -79.470023,
            43.637193
          ],
          [
            -79.470108,
            43.63718
          ],
          [
            -79.470194,
            43.637166
          ],
          [
            -79.470279,
            43.637153
          ],
          [
            -79.470364,
            43.637139
          ],
          [
            -79.470449,
            43.637121
          ],
          [
            -79.470526,
            43.637109
          ],
          [
            -79.470533,
            43.637108
          ],
          [
            -79.470592,
            43.63709
          ],
          [
            -79.470659,
            43.637076
          ],
          [
            -79.470725,
            43.637058
          ],
          [
            -79.470791,
            43.637036
          ],
          [
            -79.470856,
            43.637018
          ],
          [
            -79.470922,
            43.636995
          ],
          [
            -79.470986,
            43.636977
          ],
          [
            -79.471051,
            43.636955
          ],
          [
            -79.471115,
            43.636932
          ],
          [
            -79.471179,
            43.63691
          ],
          [
            -79.471243,
            43.636887
          ],
          [
            -79.471306,
            43.636865
          ],
          [
            -79.471369,
            43.636842
          ],
          [
            -79.471432,
            43.636815
          ],
          [
            -79.471493,
            43.636793
          ],
          [
            -79.471555,
            43.636766
          ],
          [
            -79.471616,
            43.636739
          ],
          [
            -79.471677,
            43.636716
          ],
          [
            -79.471738,
            43.636685
          ],
          [
            -79.471798,
            43.636658
          ],
          [
            -79.471857,
            43.636631
          ],
          [
            -79.471916,
            43.636604
          ],
          [
            -79.471975,
            43.636572
          ],
          [
            -79.472033,
            43.636545
          ],
          [
            -79.472091,
            43.636514
          ],
          [
            -79.472148,
            43.636482
          ],
          [
            -79.472205,
            43.636455
          ],
          [
            -79.472262,
            43.636424
          ],
          [
            -79.472317,
            43.636392
          ],
          [
            -79.472383,
            43.636354
          ],
          [
            -79.472528,
            43.636272
          ],
          [
            -79.472618,
            43.636217
          ],
          [
            -79.472733,
            43.636142
          ],
          [
            -79.472841,
            43.636069
          ],
          [
            -79.472901,
            43.636026
          ],
          [
            -79.47292,
            43.636013
          ],
          [
            -79.473002,
            43.635942
          ],
          [
            -79.4731,
            43.63586
          ],
          [
            -79.473202,
            43.635769
          ],
          [
            -79.473321,
            43.635663
          ],
          [
            -79.473493,
            43.635492
          ],
          [
            -79.473525,
            43.635474
          ],
          [
            -79.473629,
            43.635371
          ],
          [
            -79.47373,
            43.635267
          ],
          [
            -79.47383,
            43.635164
          ],
          [
            -79.47393,
            43.63506
          ],
          [
            -79.474028,
            43.634957
          ],
          [
            -79.474126,
            43.634853
          ],
          [
            -79.474232,
            43.634745
          ],
          [
            -79.474315,
            43.63466
          ],
          [
            -79.474398,
            43.634574
          ],
          [
            -79.474482,
            43.634489
          ],
          [
            -79.474493,
            43.634478
          ],
          [
            -79.474567,
            43.634403
          ],
          [
            -79.474652,
            43.634313
          ],
          [
            -79.474738,
            43.634228
          ],
          [
            -79.474823,
            43.634148
          ],
          [
            -79.475,
            43.633976
          ],
          [
            -79.475088,
            43.63389
          ],
          [
            -79.475128,
            43.633854
          ],
          [
            -79.475178,
            43.633809
          ],
          [
            -79.475267,
            43.633724
          ],
          [
            -79.475358,
            43.633643
          ],
          [
            -79.475449,
            43.633562
          ],
          [
            -79.47554,
            43.633483
          ],
          [
            -79.475675,
            43.633377
          ],
          [
            -79.476189,
            43.632972
          ],
          [
            -79.476267,
            43.632909
          ],
          [
            -79.476367,
            43.63282
          ],
          [
            -79.476447,
            43.632748
          ],
          [
            -79.476464,
            43.632734
          ],
          [
            -79.476538,
            43.632667
          ],
          [
            -79.476618,
            43.632604
          ],
          [
            -79.476731,
            43.632527
          ],
          [
            -79.476851,
            43.63246
          ],
          [
            -79.477023,
            43.632383
          ],
          [
            -79.4772,
            43.632325
          ],
          [
            -79.477325,
            43.632289
          ],
          [
            -79.477659,
            43.632181
          ],
          [
            -79.478221,
            43.632003
          ],
          [
            -79.478376,
            43.631518
          ],
          [
            -79.478378,
            43.63151
          ],
          [
            -79.478481,
            43.631289
          ],
          [
            -79.478699,
            43.630967
          ]
        ]
      },
      "properties": {
        "routeId": "501",
        "routeShortName": "501",
        "routeLongName": "Queen",
        "direction": 1,
        "colorHex": "#ED1C24"
      }
    },
    {
      "type": "Feature",
      "geometry": {
        "type": "LineString",
        "coordinates": [
          [
            -79.383578,
            43.647924
          ],
          [
            -79.383834,
            43.648562
          ],
          [
            -79.38411,
            43.649188
          ],
          [
            -79.38465,
            43.65044
          ],
          [
            -79.385111,
            43.650341
          ],
          [
            -79.386291,
            43.650086
          ],
          [
            -79.386268,
            43.650033
          ],
          [
            -79.38611,
            43.649734
          ],
          [
            -79.385809,
            43.649233
          ],
          [
            -79.385559,
            43.648868
          ],
          [
            -79.385549,
            43.648853
          ],
          [
            -79.385351,
            43.648538
          ],
          [
            -79.385189,
            43.648281
          ],
          [
            -79.385181,
            43.648268
          ],
          [
            -79.384806,
            43.647662
          ],
          [
            -79.383578,
            43.647924
          ],
          [
            -79.383522,
            43.647936
          ],
          [
            -79.382056,
            43.648261
          ],
          [
            -79.380278,
            43.64865
          ],
          [
            -79.380173,
            43.648677
          ],
          [
            -79.378821,
            43.648961
          ],
          [
            -79.377918,
            43.649148
          ],
          [
            -79.376731,
            43.649405
          ],
          [
            -79.375961,
            43.649585
          ],
          [
            -79.375719,
            43.64964
          ],
          [
            -79.375586,
            43.649673
          ],
          [
            -79.375028,
            43.649782
          ],
          [
            -79.374412,
            43.649921
          ],
          [
            -79.373816,
            43.650051
          ],
          [
            -79.373443,
            43.650132
          ],
          [
            -79.37331,
            43.650161
          ],
          [
            -79.372887,
            43.650253
          ],
          [
            -79.372804,
            43.650271
          ],
          [
            -79.372566,
            43.650323
          ],
          [
            -79.372288,
            43.650383
          ],
          [
            -79.371913,
            43.650463
          ],
          [
            -79.370693,
            43.650732
          ],
          [
            -79.369474,
            43.651001
          ],
          [
            -79.368261,
            43.651277
          ],
          [
            -79.36705,
            43.651547
          ],
          [
            -79.366087,
            43.651764
          ],
          [
            -79.364412,
            43.652123
          ],
          [
            -79.364245,
            43.652165
          ],
          [
            -79.364158,
            43.652212
          ],
          [
            -79.363245,
            43.652729
          ],
          [
            -79.36241,
            43.653218
          ],
          [
            -79.361874,
            43.653497
          ],
          [
            -79.361569,
            43.653683
          ],
          [
            -79.36122,
            43.653895
          ],
          [
            -79.361139,
            43.653944
          ],
          [
            -79.36099,
            43.654034
          ],
          [
            -79.360848,
            43.654118
          ],
          [
            -79.36074,
            43.654182
          ],
          [
            -79.360349,
            43.65441
          ],
          [
            -79.359711,
            43.654793
          ],
          [
            -79.359668,
            43.654822
          ],
          [
            -79.359651,
            43.654833
          ],
          [
            -79.359449,
            43.654967
          ],
          [
            -79.359215,
            43.655098
          ],
          [
            -79.358941,
            43.655262
          ],
          [
            -79.358415,
            43.655582
          ],
          [
            -79.358041,
            43.655779
          ],
          [
            -79.358009,
            43.655796
          ],
          [
            -79.357654,
            43.656007
          ],
          [
            -79.357549,
            43.65607
          ],
          [
            -79.357411,
            43.656153
          ],
          [
            -79.356979,
            43.656382
          ],
          [
            -79.356158,
            43.656868
          ],
          [
            -79.355285,
            43.657514
          ],
          [
            -79.355247,
            43.657552
          ],
          [
            -79.35517,
            43.657613
          ],
          [
            -79.354962,
            43.657737
          ],
          [
            -79.354874,
            43.657757
          ],
          [
            -79.354782,
            43.657778
          ],
          [
            -79.354659,
            43.657802
          ],
          [
            -79.354554,
            43.657823
          ],
          [
            -79.354546,
            43.657825
          ],
          [
            -79.354324,
            43.657871
          ],
          [
            -79.354174,
            43.657903
          ],
          [
            -79.353921,
            43.657957
          ],
          [
            -79.353755,
            43.657992
          ],
          [
            -79.353623,
            43.658022
          ],
          [
            -79.353347,
            43.65809
          ],
          [
            -79.352239,
            43.658332
          ],
          [
            -79.351553,
            43.658493
          ],
          [
            -79.350929,
            43.658632
          ],
          [
            -79.349852,
            43.658878
          ],
          [
            -79.348652,
            43.659151
          ],
          [
            -79.348499,
            43.659191
          ],
          [
            -79.347447,
            43.659419
          ],
          [
            -79.346743,
            43.65958
          ],
          [
            -79.346411,
            43.659663
          ],
          [
            -79.346115,
            43.659737
          ],
          [
            -79.345803,
            43.659794
          ],
          [
            -79.345674,
            43.659818
          ],
          [
            -79.34547,
            43.659862
          ],
          [
            -79.345111,
            43.659942
          ],
          [
            -79.344458,
            43.660086
          ],
          [
            -79.343591,
            43.660287
          ],
          [
            -79.342506,
            43.660529
          ],
          [
            -79.341268,
            43.660793
          ],
          [
            -79.340799,
            43.660887
          ],
          [
            -79.340092,
            43.661061
          ],
          [
            -79.338913,
            43.661338
          ],
          [
            -79.33882,
            43.661356
          ],
          [
            -79.337704,
            43.661598
          ],
          [
            -79.336315,
            43.661911
          ],
          [
            -79.335895,
            43.662009
          ],
          [
            -79.335334,
            43.662117
          ],
          [
            -79.33489,
            43.662233
          ],
          [
            -79.334315,
            43.662336
          ],
          [
            -79.334071,
            43.662416
          ],
          [
            -79.333456,
            43.662542
          ],
          [
            -79.333304,
            43.662573
          ],
          [
            -79.332814,
            43.662671
          ],
          [
            -79.332263,
            43.662805
          ],
          [
            -79.331424,
            43.662997
          ],
          [
            -79.330224,
            43.663239
          ],
          [
            -79.328997,
            43.663529
          ],
          [
            -79.327911,
            43.663799
          ],
          [
            -79.327879,
            43.663807
          ],
          [
            -79.327349,
            43.66391
          ],
          [
            -79.326216,
            43.664173
          ],
          [
            -79.325986,
            43.664223
          ],
          [
            -79.325308,
            43.664397
          ],
          [
            -79.323978,
            43.664692
          ],
          [
            -79.322388,
            43.665041
          ],
          [
            -79.321291,
            43.665291
          ],
          [
            -79.320708,
            43.66542
          ],
          [
            -79.320592,
            43.665446
          ],
          [
            -79.32002,
            43.665573
          ],
          [
            -79.31975,
            43.665622
          ],
          [
            -79.319119,
            43.665778
          ],
          [
            -79.318501,
            43.665912
          ],
          [
            -79.317659,
            43.666091
          ],
          [
            -79.316602,
            43.66636
          ],
          [
            -79.316246,
            43.666437
          ],
          [
            -79.31485,
            43.666739
          ],
          [
            -79.313556,
            43.66703
          ],
          [
            -79.312593,
            43.667244
          ],
          [
            -79.312563,
            43.66731
          ],
          [
            -79.312546,
            43.667348
          ],
          [
            -79.312476,
            43.667505
          ],
          [
            -79.31221,
            43.668031
          ],
          [
            -79.312142,
            43.668166
          ],
          [
            -79.31213,
            43.668191
          ],
          [
            -79.311877,
            43.668692
          ],
          [
            -79.311643,
            43.66911
          ],
          [
            -79.311313,
            43.669735
          ],
          [
            -79.311182,
            43.669974
          ],
          [
            -79.310986,
            43.670345
          ],
          [
            -79.310829,
            43.670644
          ],
          [
            -79.310805,
            43.670688
          ],
          [
            -79.310372,
            43.671503
          ],
          [
            -79.310202,
            43.671808
          ],
          [
            -79.310128,
            43.671903
          ],
          [
            -79.31006,
            43.671984
          ],
          [
            -79.310029,
            43.672019
          ],
          [
            -79.309982,
            43.672073
          ],
          [
            -79.309872,
            43.672199
          ],
          [
            -79.309086,
            43.672869
          ],
          [
            -79.307926,
            43.673928
          ],
          [
            -79.307282,
            43.674474
          ],
          [
            -79.306554,
            43.675136
          ],
          [
            -79.305903,
            43.6757
          ],
          [
            -79.305608,
            43.675957
          ],
          [
            -79.305175,
            43.676314
          ],
          [
            -79.304886,
            43.676525
          ],
          [
            -79.304721,
            43.676606
          ],
          [
            -79.304515,
            43.676735
          ],
          [
            -79.304363,
            43.676806
          ],
          [
            -79.304187,
            43.67689
          ],
          [
            -79.304088,
            43.676941
          ],
          [
            -79.303891,
            43.67702
          ],
          [
            -79.303372,
            43.677231
          ],
          [
            -79.302486,
            43.677593
          ],
          [
            -79.301181,
            43.678126
          ],
          [
            -79.301002,
            43.678211
          ],
          [
            -79.300723,
            43.678312
          ],
          [
            -79.300475,
            43.678406
          ],
          [
            -79.299916,
            43.678512
          ],
          [
            -79.298929,
            43.678693
          ],
          [
            -79.298909,
            43.678697
          ],
          [
            -79.298846,
            43.67871
          ],
          [
            -79.298023,
            43.678885
          ],
          [
            -79.296311,
            43.679297
          ],
          [
            -79.295871,
            43.679384
          ],
          [
            -79.294522,
            43.679717
          ],
          [
            -79.293251,
            43.680005
          ],
          [
            -79.293077,
            43.680043
          ],
          [
            -79.293044,
            43.680051
          ],
          [
            -79.292828,
            43.680083
          ],
          [
            -79.292592,
            43.680109
          ],
          [
            -79.29186,
            43.680147
          ],
          [
            -79.291257,
            43.680199
          ],
          [
            -79.290694,
            43.68025
          ],
          [
            -79.28995,
            43.680284
          ],
          [
            -79.289203,
            43.680364
          ],
          [
            -79.288409,
            43.680395
          ],
          [
            -79.288187,
            43.680423
          ],
          [
            -79.287087,
            43.680539
          ],
          [
            -79.286088,
            43.680627
          ],
          [
            -79.285974,
            43.680634
          ],
          [
            -79.285068,
            43.68072
          ],
          [
            -79.284963,
            43.680726
          ],
          [
            -79.28406,
            43.680811
          ],
          [
            -79.284204,
            43.681164
          ],
          [
            -79.284215,
            43.681191
          ],
          [
            -79.284379,
            43.681596
          ],
          [
            -79.285361,
            43.681402
          ]
        ]
      },
      "properties": {
        "routeId": "503",
        "routeShortName": "503",
        "routeLongName": "Kingston Rd",
        "direction": 0,
        "colorHex": "#ED1C24"
      }
    },
    {
      "type": "Feature",
      "geometry": {
        "type": "LineString",
        "coordinates": [
          [
            -79.284379,
            43.681596
          ],
          [
            -79.285361,
            43.681402
          ],
          [
            -79.285228,
            43.681093
          ],
          [
            -79.285068,
            43.68072
          ],
          [
            -79.285974,
            43.680634
          ],
          [
            -79.286088,
            43.680627
          ],
          [
            -79.287087,
            43.680539
          ],
          [
            -79.288187,
            43.680423
          ],
          [
            -79.288409,
            43.680395
          ],
          [
            -79.289203,
            43.680364
          ],
          [
            -79.28995,
            43.680284
          ],
          [
            -79.290694,
            43.68025
          ],
          [
            -79.291257,
            43.680199
          ],
          [
            -79.29186,
            43.680147
          ],
          [
            -79.292592,
            43.680109
          ],
          [
            -79.292828,
            43.680083
          ],
          [
            -79.293044,
            43.680051
          ],
          [
            -79.293077,
            43.680043
          ],
          [
            -79.293251,
            43.680005
          ],
          [
            -79.294522,
            43.679717
          ],
          [
            -79.295871,
            43.679384
          ],
          [
            -79.296311,
            43.679297
          ],
          [
            -79.298023,
            43.678885
          ],
          [
            -79.298846,
            43.67871
          ],
          [
            -79.298909,
            43.678697
          ],
          [
            -79.298929,
            43.678693
          ],
          [
            -79.299916,
            43.678512
          ],
          [
            -79.300475,
            43.678406
          ],
          [
            -79.300723,
            43.678312
          ],
          [
            -79.301002,
            43.678211
          ],
          [
            -79.301181,
            43.678126
          ],
          [
            -79.302486,
            43.677593
          ],
          [
            -79.303372,
            43.677231
          ],
          [
            -79.303891,
            43.67702
          ],
          [
            -79.304088,
            43.676941
          ],
          [
            -79.304187,
            43.67689
          ],
          [
            -79.304363,
            43.676806
          ],
          [
            -79.304515,
            43.676735
          ],
          [
            -79.304721,
            43.676606
          ],
          [
            -79.304886,
            43.676525
          ],
          [
            -79.305175,
            43.676314
          ],
          [
            -79.305608,
            43.675957
          ],
          [
            -79.305903,
            43.6757
          ],
          [
            -79.306554,
            43.675136
          ],
          [
            -79.307282,
            43.674474
          ],
          [
            -79.307926,
            43.673928
          ],
          [
            -79.309086,
            43.672869
          ],
          [
            -79.309872,
            43.672199
          ],
          [
            -79.309982,
            43.672073
          ],
          [
            -79.310029,
            43.672019
          ],
          [
            -79.31006,
            43.671984
          ],
          [
            -79.310128,
            43.671903
          ],
          [
            -79.310202,
            43.671808
          ],
          [
            -79.310372,
            43.671503
          ],
          [
            -79.310805,
            43.670688
          ],
          [
            -79.310829,
            43.670644
          ],
          [
            -79.310986,
            43.670345
          ],
          [
            -79.311182,
            43.669974
          ],
          [
            -79.311313,
            43.669735
          ],
          [
            -79.311643,
            43.66911
          ],
          [
            -79.311877,
            43.668692
          ],
          [
            -79.31213,
            43.668191
          ],
          [
            -79.312142,
            43.668166
          ],
          [
            -79.31221,
            43.668031
          ],
          [
            -79.312476,
            43.667505
          ],
          [
            -79.312546,
            43.667348
          ],
          [
            -79.312563,
            43.66731
          ],
          [
            -79.312593,
            43.667244
          ],
          [
            -79.313556,
            43.66703
          ],
          [
            -79.31485,
            43.666739
          ],
          [
            -79.316246,
            43.666437
          ],
          [
            -79.316602,
            43.66636
          ],
          [
            -79.317659,
            43.666091
          ],
          [
            -79.318501,
            43.665912
          ],
          [
            -79.319119,
            43.665778
          ],
          [
            -79.31975,
            43.665622
          ],
          [
            -79.32002,
            43.665573
          ],
          [
            -79.320592,
            43.665446
          ],
          [
            -79.320708,
            43.66542
          ],
          [
            -79.321291,
            43.665291
          ],
          [
            -79.322388,
            43.665041
          ],
          [
            -79.323978,
            43.664692
          ],
          [
            -79.325308,
            43.664397
          ],
          [
            -79.325986,
            43.664223
          ],
          [
            -79.326216,
            43.664173
          ],
          [
            -79.327349,
            43.66391
          ],
          [
            -79.327879,
            43.663807
          ],
          [
            -79.327911,
            43.663799
          ],
          [
            -79.328997,
            43.663529
          ],
          [
            -79.330224,
            43.663239
          ],
          [
            -79.331424,
            43.662997
          ],
          [
            -79.332263,
            43.662805
          ],
          [
            -79.332814,
            43.662671
          ],
          [
            -79.333304,
            43.662573
          ],
          [
            -79.333456,
            43.662542
          ],
          [
            -79.334071,
            43.662416
          ],
          [
            -79.334315,
            43.662336
          ],
          [
            -79.33489,
            43.662233
          ],
          [
            -79.335334,
            43.662117
          ],
          [
            -79.335895,
            43.662009
          ],
          [
            -79.336315,
            43.661911
          ],
          [
            -79.337704,
            43.661598
          ],
          [
            -79.33882,
            43.661356
          ],
          [
            -79.338913,
            43.661338
          ],
          [
            -79.340092,
            43.661061
          ],
          [
            -79.340799,
            43.660887
          ],
          [
            -79.341268,
            43.660793
          ],
          [
            -79.342506,
            43.660529
          ],
          [
            -79.343591,
            43.660287
          ],
          [
            -79.344458,
            43.660086
          ],
          [
            -79.345111,
            43.659942
          ],
          [
            -79.34547,
            43.659862
          ],
          [
            -79.345674,
            43.659818
          ],
          [
            -79.345803,
            43.659794
          ],
          [
            -79.346115,
            43.659737
          ],
          [
            -79.346411,
            43.659663
          ],
          [
            -79.346743,
            43.65958
          ],
          [
            -79.347447,
            43.659419
          ],
          [
            -79.348499,
            43.659191
          ],
          [
            -79.348652,
            43.659151
          ],
          [
            -79.349852,
            43.658878
          ],
          [
            -79.350929,
            43.658632
          ],
          [
            -79.351553,
            43.658493
          ],
          [
            -79.352239,
            43.658332
          ],
          [
            -79.353347,
            43.65809
          ],
          [
            -79.353623,
            43.658022
          ],
          [
            -79.353755,
            43.657992
          ],
          [
            -79.353921,
            43.657957
          ],
          [
            -79.354174,
            43.657903
          ],
          [
            -79.354324,
            43.657871
          ],
          [
            -79.354546,
            43.657825
          ],
          [
            -79.354554,
            43.657823
          ],
          [
            -79.354659,
            43.657802
          ],
          [
            -79.354782,
            43.657778
          ],
          [
            -79.354874,
            43.657757
          ],
          [
            -79.354962,
            43.657737
          ],
          [
            -79.35517,
            43.657613
          ],
          [
            -79.355247,
            43.657552
          ],
          [
            -79.355285,
            43.657514
          ],
          [
            -79.356158,
            43.656868
          ],
          [
            -79.356979,
            43.656382
          ],
          [
            -79.357411,
            43.656153
          ],
          [
            -79.357549,
            43.65607
          ],
          [
            -79.357654,
            43.656007
          ],
          [
            -79.358009,
            43.655796
          ],
          [
            -79.358041,
            43.655779
          ],
          [
            -79.358415,
            43.655582
          ],
          [
            -79.358941,
            43.655262
          ],
          [
            -79.359215,
            43.655098
          ],
          [
            -79.359449,
            43.654967
          ],
          [
            -79.359651,
            43.654833
          ],
          [
            -79.359668,
            43.654822
          ],
          [
            -79.359711,
            43.654793
          ],
          [
            -79.360349,
            43.65441
          ],
          [
            -79.36074,
            43.654182
          ],
          [
            -79.360848,
            43.654118
          ],
          [
            -79.36099,
            43.654034
          ],
          [
            -79.361139,
            43.653944
          ],
          [
            -79.36122,
            43.653895
          ],
          [
            -79.361569,
            43.653683
          ],
          [
            -79.361874,
            43.653497
          ],
          [
            -79.36241,
            43.653218
          ],
          [
            -79.363245,
            43.652729
          ],
          [
            -79.364158,
            43.652212
          ],
          [
            -79.364245,
            43.652165
          ],
          [
            -79.364412,
            43.652123
          ],
          [
            -79.366087,
            43.651764
          ],
          [
            -79.36705,
            43.651547
          ],
          [
            -79.368261,
            43.651277
          ],
          [
            -79.369474,
            43.651001
          ],
          [
            -79.370693,
            43.650732
          ],
          [
            -79.371913,
            43.650463
          ],
          [
            -79.372288,
            43.650383
          ],
          [
            -79.372566,
            43.650323
          ],
          [
            -79.372804,
            43.650271
          ],
          [
            -79.372887,
            43.650253
          ],
          [
            -79.37331,
            43.650161
          ],
          [
            -79.373443,
            43.650132
          ],
          [
            -79.373816,
            43.650051
          ],
          [
            -79.374412,
            43.649921
          ],
          [
            -79.375028,
            43.649782
          ],
          [
            -79.375586,
            43.649673
          ],
          [
            -79.375719,
            43.64964
          ],
          [
            -79.375961,
            43.649585
          ],
          [
            -79.376731,
            43.649405
          ],
          [
            -79.377918,
            43.649148
          ],
          [
            -79.378821,
            43.648961
          ],
          [
            -79.380173,
            43.648677
          ],
          [
            -79.380278,
            43.64865
          ],
          [
            -79.382056,
            43.648261
          ],
          [
            -79.383522,
            43.647936
          ],
          [
            -79.383578,
            43.647924
          ],
          [
            -79.383834,
            43.648562
          ]
        ]
      },
      "properties": {
        "routeId": "503",
        "routeShortName": "503",
        "routeLongName": "Kingston Rd",
        "direction": 1,
        "colorHex": "#ED1C24"
      }
    },
    {
      "type": "Feature",
      "geometry": {
        "type": "LineString",
        "coordinates": [
          [
            -79.42649,
            43.634294
          ],
          [
            -79.425639,
            43.634477
          ],
          [
            -79.425804,
            43.634892
          ],
          [
            -79.426084,
            43.635597
          ],
          [
            -79.426367,
            43.636332
          ],
          [
            -79.426654,
            43.637074
          ],
          [
            -79.427374,
            43.63896
          ],
          [
            -79.42634,
            43.63917
          ],
          [
            -79.42605,
            43.639228
          ],
          [
            -79.42484,
            43.639466
          ],
          [
            -79.423553,
            43.639723
          ],
          [
            -79.422281,
            43.639977
          ],
          [
            -79.42129,
            43.640179
          ],
          [
            -79.42038,
            43.640368
          ],
          [
            -79.420159,
            43.640414
          ],
          [
            -79.419553,
            43.640534
          ],
          [
            -79.417244,
            43.640991
          ],
          [
            -79.41664,
            43.641112
          ],
          [
            -79.416459,
            43.641148
          ],
          [
            -79.415801,
            43.64128
          ],
          [
            -79.415018,
            43.641437
          ],
          [
            -79.413797,
            43.64168
          ],
          [
            -79.412709,
            43.641911
          ],
          [
            -79.41197,
            43.642042
          ],
          [
            -79.411308,
            43.642175
          ],
          [
            -79.410724,
            43.642292
          ],
          [
            -79.410143,
            43.642412
          ],
          [
            -79.408759,
            43.642704
          ],
          [
            -79.407718,
            43.642909
          ],
          [
            -79.405285,
            43.643402
          ],
          [
            -79.402705,
            43.643926
          ],
          [
            -79.400838,
            43.644302
          ],
          [
            -79.400827,
            43.644305
          ],
          [
            -79.400097,
            43.644453
          ],
          [
            -79.399203,
            43.644637
          ],
          [
            -79.398509,
            43.644779
          ],
          [
            -79.397647,
            43.644954
          ],
          [
            -79.395046,
            43.64547
          ],
          [
            -79.39364,
            43.645762
          ],
          [
            -79.392328,
            43.646054
          ],
          [
            -79.391093,
            43.646316
          ],
          [
            -79.389773,
            43.646603
          ],
          [
            -79.388151,
            43.646965
          ],
          [
            -79.38611,
            43.647395
          ],
          [
            -79.385461,
            43.647521
          ],
          [
            -79.384806,
            43.647662
          ],
          [
            -79.383578,
            43.647924
          ],
          [
            -79.383522,
            43.647936
          ],
          [
            -79.382056,
            43.648261
          ],
          [
            -79.380278,
            43.64865
          ],
          [
            -79.380173,
            43.648677
          ],
          [
            -79.378821,
            43.648961
          ],
          [
            -79.377918,
            43.649148
          ],
          [
            -79.376731,
            43.649405
          ],
          [
            -79.375961,
            43.649585
          ],
          [
            -79.375719,
            43.64964
          ],
          [
            -79.375586,
            43.649673
          ],
          [
            -79.375028,
            43.649782
          ],
          [
            -79.374412,
            43.649921
          ],
          [
            -79.373816,
            43.650051
          ],
          [
            -79.372566,
            43.650323
          ],
          [
            -79.371913,
            43.650463
          ],
          [
            -79.370693,
            43.650732
          ],
          [
            -79.369474,
            43.651001
          ],
          [
            -79.368261,
            43.651277
          ],
          [
            -79.36705,
            43.651547
          ],
          [
            -79.366087,
            43.651764
          ],
          [
            -79.364412,
            43.652123
          ],
          [
            -79.364245,
            43.652165
          ],
          [
            -79.364158,
            43.652212
          ],
          [
            -79.363245,
            43.652729
          ],
          [
            -79.36241,
            43.653218
          ],
          [
            -79.361874,
            43.653497
          ],
          [
            -79.361569,
            43.653683
          ],
          [
            -79.36122,
            43.653895
          ],
          [
            -79.361139,
            43.653944
          ],
          [
            -79.36099,
            43.654034
          ],
          [
            -79.360848,
            43.654118
          ],
          [
            -79.36074,
            43.654182
          ],
          [
            -79.360349,
            43.65441
          ],
          [
            -79.359711,
            43.654793
          ],
          [
            -79.359668,
            43.654822
          ],
          [
            -79.359651,
            43.654833
          ],
          [
            -79.359449,
            43.654967
          ],
          [
            -79.359215,
            43.655098
          ],
          [
            -79.358941,
            43.655262
          ],
          [
            -79.358415,
            43.655582
          ],
          [
            -79.358041,
            43.655779
          ],
          [
            -79.358009,
            43.655796
          ],
          [
            -79.357654,
            43.656007
          ],
          [
            -79.357549,
            43.65607
          ],
          [
            -79.357411,
            43.656153
          ],
          [
            -79.356979,
            43.656382
          ],
          [
            -79.356158,
            43.656868
          ],
          [
            -79.355285,
            43.657514
          ],
          [
            -79.355247,
            43.657552
          ],
          [
            -79.35517,
            43.657613
          ],
          [
            -79.354962,
            43.657737
          ],
          [
            -79.354874,
            43.657757
          ],
          [
            -79.354782,
            43.657778
          ],
          [
            -79.354659,
            43.657802
          ],
          [
            -79.354554,
            43.657823
          ],
          [
            -79.354546,
            43.657825
          ],
          [
            -79.354324,
            43.657871
          ],
          [
            -79.354174,
            43.657903
          ],
          [
            -79.353921,
            43.657957
          ],
          [
            -79.353755,
            43.657992
          ],
          [
            -79.353623,
            43.658022
          ],
          [
            -79.353347,
            43.65809
          ],
          [
            -79.352239,
            43.658332
          ],
          [
            -79.351553,
            43.658493
          ],
          [
            -79.350929,
            43.658632
          ],
          [
            -79.349852,
            43.658878
          ],
          [
            -79.350011,
            43.659257
          ],
          [
            -79.350037,
            43.659318
          ],
          [
            -79.350148,
            43.659584
          ],
          [
            -79.350519,
            43.660474
          ],
          [
            -79.351361,
            43.662467
          ],
          [
            -79.351607,
            43.663057
          ],
          [
            -79.351807,
            43.663536
          ],
          [
            -79.352038,
            43.664089
          ],
          [
            -79.352242,
            43.664574
          ],
          [
            -79.352624,
            43.665486
          ],
          [
            -79.352911,
            43.66616
          ],
          [
            -79.35318,
            43.666805
          ],
          [
            -79.353237,
            43.666941
          ],
          [
            -79.353425,
            43.667416
          ],
          [
            -79.35343,
            43.667479
          ],
          [
            -79.353433,
            43.667551
          ],
          [
            -79.353421,
            43.667614
          ],
          [
            -79.353384,
            43.667758
          ],
          [
            -79.353168,
            43.668253
          ],
          [
            -79.353092,
            43.668473
          ],
          [
            -79.35303,
            43.668801
          ],
          [
            -79.352997,
            43.669076
          ],
          [
            -79.352995,
            43.669283
          ],
          [
            -79.353006,
            43.66936
          ],
          [
            -79.353034,
            43.66945
          ],
          [
            -79.353071,
            43.669522
          ],
          [
            -79.353117,
            43.669594
          ],
          [
            -79.353215,
            43.669706
          ],
          [
            -79.353933,
            43.67049
          ],
          [
            -79.354096,
            43.670671
          ],
          [
            -79.354256,
            43.670851
          ],
          [
            -79.354385,
            43.671
          ],
          [
            -79.354528,
            43.671265
          ],
          [
            -79.354932,
            43.672008
          ],
          [
            -79.355377,
            43.672499
          ],
          [
            -79.356099,
            43.673235
          ],
          [
            -79.356228,
            43.673374
          ],
          [
            -79.35708,
            43.674264
          ],
          [
            -79.35758,
            43.674798
          ],
          [
            -79.358084,
            43.675401
          ],
          [
            -79.358872,
            43.676202
          ],
          [
            -79.358918,
            43.676307
          ],
          [
            -79.358936,
            43.676401
          ],
          [
            -79.358841,
            43.676775
          ],
          [
            -79.358714,
            43.676868
          ],
          [
            -79.358533,
            43.676957
          ],
          [
            -79.358355,
            43.677043
          ],
          [
            -79.358122,
            43.677153
          ]
        ]
      },
      "properties": {
        "routeId": "504",
        "routeShortName": "504",
        "routeLongName": "King",
        "direction": 0,
        "colorHex": "#ED1C24"
      }
    },
    {
      "type": "Feature",
      "geometry": {
        "type": "LineString",
        "coordinates": [
          [
            -79.356814,
            43.650807
          ],
          [
            -79.35692,
            43.65085
          ],
          [
            -79.35702,
            43.650906
          ],
          [
            -79.357316,
            43.651629
          ],
          [
            -79.357388,
            43.651754
          ],
          [
            -79.357439,
            43.651829
          ],
          [
            -79.357556,
            43.651934
          ],
          [
            -79.357664,
            43.65203
          ],
          [
            -79.357756,
            43.652138
          ],
          [
            -79.357991,
            43.652658
          ],
          [
            -79.358533,
            43.653906
          ],
          [
            -79.358617,
            43.654113
          ],
          [
            -79.358642,
            43.654192
          ],
          [
            -79.358661,
            43.654283
          ],
          [
            -79.358654,
            43.654383
          ],
          [
            -79.358595,
            43.654518
          ],
          [
            -79.358541,
            43.654649
          ],
          [
            -79.358525,
            43.654688
          ],
          [
            -79.35852,
            43.6547
          ],
          [
            -79.358449,
            43.654874
          ],
          [
            -79.358404,
            43.655006
          ],
          [
            -79.358388,
            43.655169
          ],
          [
            -79.35838,
            43.655276
          ],
          [
            -79.358378,
            43.655387
          ],
          [
            -79.358395,
            43.655499
          ],
          [
            -79.358415,
            43.655582
          ],
          [
            -79.358941,
            43.655262
          ],
          [
            -79.359215,
            43.655098
          ],
          [
            -79.359449,
            43.654967
          ],
          [
            -79.359651,
            43.654833
          ],
          [
            -79.359668,
            43.654822
          ],
          [
            -79.359711,
            43.654793
          ],
          [
            -79.360349,
            43.65441
          ],
          [
            -79.36074,
            43.654182
          ],
          [
            -79.360848,
            43.654118
          ],
          [
            -79.36099,
            43.654034
          ],
          [
            -79.361139,
            43.653944
          ],
          [
            -79.36122,
            43.653895
          ],
          [
            -79.361569,
            43.653683
          ],
          [
            -79.361874,
            43.653497
          ],
          [
            -79.36241,
            43.653218
          ],
          [
            -79.363245,
            43.652729
          ],
          [
            -79.364158,
            43.652212
          ],
          [
            -79.364245,
            43.652165
          ],
          [
            -79.364412,
            43.652123
          ],
          [
            -79.366087,
            43.651764
          ],
          [
            -79.36705,
            43.651547
          ],
          [
            -79.368261,
            43.651277
          ],
          [
            -79.369474,
            43.651001
          ],
          [
            -79.370693,
            43.650732
          ],
          [
            -79.371913,
            43.650463
          ],
          [
            -79.372566,
            43.650323
          ],
          [
            -79.373816,
            43.650051
          ],
          [
            -79.374412,
            43.649921
          ],
          [
            -79.375028,
            43.649782
          ],
          [
            -79.375586,
            43.649673
          ],
          [
            -79.375719,
            43.64964
          ],
          [
            -79.375961,
            43.649585
          ],
          [
            -79.376731,
            43.649405
          ],
          [
            -79.377918,
            43.649148
          ],
          [
            -79.378821,
            43.648961
          ],
          [
            -79.380173,
            43.648677
          ],
          [
            -79.380278,
            43.64865
          ],
          [
            -79.382056,
            43.648261
          ],
          [
            -79.383522,
            43.647936
          ],
          [
            -79.383578,
            43.647924
          ],
          [
            -79.384806,
            43.647662
          ],
          [
            -79.385461,
            43.647521
          ],
          [
            -79.38611,
            43.647395
          ],
          [
            -79.388151,
            43.646965
          ],
          [
            -79.389773,
            43.646603
          ],
          [
            -79.391093,
            43.646316
          ],
          [
            -79.392328,
            43.646054
          ],
          [
            -79.39364,
            43.645762
          ],
          [
            -79.395046,
            43.64547
          ],
          [
            -79.397647,
            43.644954
          ],
          [
            -79.398509,
            43.644779
          ],
          [
            -79.399203,
            43.644637
          ],
          [
            -79.400097,
            43.644453
          ],
          [
            -79.400827,
            43.644305
          ],
          [
            -79.400838,
            43.644302
          ],
          [
            -79.402705,
            43.643926
          ],
          [
            -79.405285,
            43.643402
          ],
          [
            -79.407718,
            43.642909
          ],
          [
            -79.408759,
            43.642704
          ],
          [
            -79.410143,
            43.642412
          ],
          [
            -79.410724,
            43.642292
          ],
          [
            -79.411308,
            43.642175
          ],
          [
            -79.41197,
            43.642042
          ],
          [
            -79.412709,
            43.641911
          ],
          [
            -79.413797,
            43.64168
          ],
          [
            -79.415018,
            43.641437
          ],
          [
            -79.415801,
            43.64128
          ],
          [
            -79.416459,
            43.641148
          ],
          [
            -79.41664,
            43.641112
          ],
          [
            -79.417244,
            43.640991
          ],
          [
            -79.419553,
            43.640534
          ],
          [
            -79.420159,
            43.640414
          ],
          [
            -79.42038,
            43.640368
          ],
          [
            -79.42129,
            43.640179
          ],
          [
            -79.422281,
            43.639977
          ],
          [
            -79.423553,
            43.639723
          ],
          [
            -79.42484,
            43.639466
          ],
          [
            -79.42605,
            43.639228
          ],
          [
            -79.42634,
            43.63917
          ],
          [
            -79.427374,
            43.63896
          ],
          [
            -79.428858,
            43.638653
          ],
          [
            -79.429135,
            43.638582
          ],
          [
            -79.430356,
            43.638345
          ],
          [
            -79.430916,
            43.63821
          ],
          [
            -79.431871,
            43.638024
          ],
          [
            -79.433283,
            43.637743
          ],
          [
            -79.434725,
            43.63746
          ],
          [
            -79.436037,
            43.637176
          ],
          [
            -79.437274,
            43.636926
          ],
          [
            -79.437396,
            43.636891
          ],
          [
            -79.438596,
            43.636662
          ],
          [
            -79.439746,
            43.63643
          ],
          [
            -79.439827,
            43.636421
          ],
          [
            -79.439897,
            43.636412
          ],
          [
            -79.439968,
            43.636419
          ],
          [
            -79.440783,
            43.636458
          ],
          [
            -79.441242,
            43.636515
          ],
          [
            -79.441345,
            43.636543
          ],
          [
            -79.441462,
            43.636594
          ],
          [
            -79.441565,
            43.636638
          ],
          [
            -79.441905,
            43.63681
          ],
          [
            -79.442119,
            43.636957
          ],
          [
            -79.442246,
            43.637032
          ],
          [
            -79.442271,
            43.637044
          ],
          [
            -79.442562,
            43.637186
          ],
          [
            -79.442774,
            43.637277
          ],
          [
            -79.443657,
            43.637663
          ],
          [
            -79.443987,
            43.637785
          ],
          [
            -79.444201,
            43.637858
          ],
          [
            -79.444623,
            43.638
          ],
          [
            -79.445184,
            43.638206
          ],
          [
            -79.445494,
            43.638331
          ],
          [
            -79.44597,
            43.63856
          ],
          [
            -79.446219,
            43.638715
          ],
          [
            -79.44619,
            43.638806
          ],
          [
            -79.446186,
            43.638868
          ],
          [
            -79.446189,
            43.638931
          ],
          [
            -79.44622,
            43.639036
          ],
          [
            -79.446286,
            43.6392
          ],
          [
            -79.446352,
            43.639363
          ],
          [
            -79.446361,
            43.639385
          ],
          [
            -79.446413,
            43.639515
          ],
          [
            -79.446679,
            43.640199
          ],
          [
            -79.447016,
            43.641076
          ],
          [
            -79.447353,
            43.641932
          ],
          [
            -79.447704,
            43.64283
          ],
          [
            -79.448041,
            43.643707
          ],
          [
            -79.448371,
            43.644552
          ],
          [
            -79.448712,
            43.645446
          ],
          [
            -79.449059,
            43.646337
          ],
          [
            -79.449393,
            43.647204
          ],
          [
            -79.449726,
            43.648054
          ],
          [
            -79.450027,
            43.648832
          ],
          [
            -79.45007,
            43.648947
          ],
          [
            -79.45035,
            43.649662
          ],
          [
            -79.450659,
            43.65045
          ],
          [
            -79.451069,
            43.651515
          ],
          [
            -79.451211,
            43.65188
          ],
          [
            -79.451303,
            43.652119
          ],
          [
            -79.451388,
            43.652349
          ],
          [
            -79.451443,
            43.652533
          ],
          [
            -79.451778,
            43.653557
          ],
          [
            -79.451846,
            43.653882
          ],
          [
            -79.452188,
            43.655192
          ],
          [
            -79.452453,
            43.656321
          ],
          [
            -79.452605,
            43.656884
          ],
          [
            -79.452669,
            43.656876
          ],
          [
            -79.453072,
            43.656789
          ],
          [
            -79.453581,
            43.656711
          ],
          [
            -79.453727,
            43.656725
          ],
          [
            -79.453836,
            43.6568
          ]
        ]
      },
      "properties": {
        "routeId": "504",
        "routeShortName": "504",
        "routeLongName": "King",
        "direction": 1,
        "colorHex": "#ED1C24"
      }
    },
    {
      "type": "Feature",
      "geometry": {
        "type": "LineString",
        "coordinates": [
          [
            -79.453673,
            43.656751
          ],
          [
            -79.453743,
            43.656757
          ],
          [
            -79.453792,
            43.656782
          ],
          [
            -79.453805,
            43.656826
          ],
          [
            -79.453849,
            43.657036
          ],
          [
            -79.453196,
            43.657175
          ],
          [
            -79.452701,
            43.65728
          ],
          [
            -79.452625,
            43.656998
          ],
          [
            -79.452442,
            43.656314
          ],
          [
            -79.452176,
            43.655185
          ],
          [
            -79.451834,
            43.653876
          ],
          [
            -79.451573,
            43.653708
          ],
          [
            -79.450103,
            43.653044
          ],
          [
            -79.449196,
            43.652625
          ],
          [
            -79.448075,
            43.652109
          ],
          [
            -79.447595,
            43.651921
          ],
          [
            -79.446797,
            43.651583
          ],
          [
            -79.445311,
            43.651195
          ],
          [
            -79.444033,
            43.650905
          ],
          [
            -79.443011,
            43.65068
          ],
          [
            -79.442137,
            43.650467
          ],
          [
            -79.442047,
            43.650444
          ],
          [
            -79.441434,
            43.650313
          ],
          [
            -79.441008,
            43.650274
          ],
          [
            -79.439718,
            43.650162
          ],
          [
            -79.438308,
            43.65008
          ],
          [
            -79.437,
            43.649977
          ],
          [
            -79.436948,
            43.649974
          ],
          [
            -79.435591,
            43.649883
          ],
          [
            -79.433678,
            43.649765
          ],
          [
            -79.433132,
            43.649731
          ],
          [
            -79.432475,
            43.649687
          ],
          [
            -79.431441,
            43.649643
          ],
          [
            -79.430998,
            43.64962
          ],
          [
            -79.430901,
            43.649616
          ],
          [
            -79.429816,
            43.649577
          ],
          [
            -79.428111,
            43.649551
          ],
          [
            -79.426783,
            43.649493
          ],
          [
            -79.425811,
            43.649475
          ],
          [
            -79.424739,
            43.64943
          ],
          [
            -79.42399,
            43.64942
          ],
          [
            -79.423907,
            43.649419
          ],
          [
            -79.423793,
            43.649414
          ],
          [
            -79.423248,
            43.649394
          ],
          [
            -79.42277,
            43.649379
          ],
          [
            -79.420769,
            43.649326
          ],
          [
            -79.420238,
            43.649428
          ],
          [
            -79.420203,
            43.649435
          ],
          [
            -79.419526,
            43.649566
          ],
          [
            -79.418891,
            43.649693
          ],
          [
            -79.418829,
            43.649706
          ],
          [
            -79.418274,
            43.649818
          ],
          [
            -79.417057,
            43.650061
          ],
          [
            -79.415973,
            43.65029
          ],
          [
            -79.414935,
            43.650491
          ],
          [
            -79.413971,
            43.650687
          ],
          [
            -79.413923,
            43.650697
          ],
          [
            -79.413487,
            43.650774
          ],
          [
            -79.413406,
            43.650791
          ],
          [
            -79.412801,
            43.650922
          ],
          [
            -79.412186,
            43.651046
          ],
          [
            -79.411591,
            43.65117
          ],
          [
            -79.410907,
            43.651301
          ],
          [
            -79.41031,
            43.651423
          ],
          [
            -79.40971,
            43.651547
          ],
          [
            -79.409096,
            43.651665
          ],
          [
            -79.408477,
            43.651786
          ],
          [
            -79.407263,
            43.652051
          ],
          [
            -79.406604,
            43.652185
          ],
          [
            -79.406009,
            43.652304
          ],
          [
            -79.405586,
            43.652369
          ],
          [
            -79.405462,
            43.65237
          ],
          [
            -79.405349,
            43.652357
          ],
          [
            -79.405235,
            43.652321
          ],
          [
            -79.404833,
            43.652151
          ],
          [
            -79.404397,
            43.65195
          ],
          [
            -79.403988,
            43.651766
          ],
          [
            -79.403903,
            43.651739
          ],
          [
            -79.403839,
            43.651734
          ],
          [
            -79.403734,
            43.651733
          ],
          [
            -79.402833,
            43.651919
          ],
          [
            -79.402253,
            43.652022
          ],
          [
            -79.401645,
            43.652155
          ],
          [
            -79.401134,
            43.652267
          ],
          [
            -79.400327,
            43.652447
          ],
          [
            -79.399857,
            43.652543
          ],
          [
            -79.399212,
            43.652672
          ],
          [
            -79.398037,
            43.652937
          ],
          [
            -79.397425,
            43.653072
          ],
          [
            -79.397259,
            43.653109
          ],
          [
            -79.397019,
            43.653162
          ],
          [
            -79.396152,
            43.65334
          ],
          [
            -79.395544,
            43.653464
          ],
          [
            -79.394631,
            43.653652
          ],
          [
            -79.39453,
            43.653673
          ],
          [
            -79.393847,
            43.653816
          ],
          [
            -79.391448,
            43.654326
          ],
          [
            -79.390647,
            43.654471
          ],
          [
            -79.390533,
            43.65449
          ],
          [
            -79.390445,
            43.654496
          ],
          [
            -79.390366,
            43.654496
          ],
          [
            -79.39028,
            43.654484
          ],
          [
            -79.390201,
            43.654478
          ],
          [
            -79.389992,
            43.654505
          ],
          [
            -79.389212,
            43.654677
          ],
          [
            -79.388717,
            43.654795
          ],
          [
            -79.388644,
            43.654806
          ],
          [
            -79.388523,
            43.654809
          ],
          [
            -79.388418,
            43.654795
          ],
          [
            -79.388301,
            43.654783
          ],
          [
            -79.387148,
            43.655017
          ],
          [
            -79.386047,
            43.655234
          ],
          [
            -79.385212,
            43.655419
          ],
          [
            -79.383752,
            43.655709
          ],
          [
            -79.380913,
            43.656322
          ],
          [
            -79.380355,
            43.656451
          ],
          [
            -79.380308,
            43.656453
          ],
          [
            -79.380302,
            43.656453
          ],
          [
            -79.380266,
            43.656452
          ],
          [
            -79.380173,
            43.656436
          ],
          [
            -79.379563,
            43.656284
          ],
          [
            -79.379358,
            43.656235
          ],
          [
            -79.379133,
            43.656171
          ],
          [
            -79.379037,
            43.656143
          ],
          [
            -79.378865,
            43.65614
          ],
          [
            -79.378303,
            43.656255
          ],
          [
            -79.377702,
            43.656379
          ],
          [
            -79.377134,
            43.656494
          ],
          [
            -79.376548,
            43.656641
          ],
          [
            -79.375652,
            43.656813
          ],
          [
            -79.374554,
            43.65706
          ],
          [
            -79.373446,
            43.657296
          ],
          [
            -79.373396,
            43.657321
          ],
          [
            -79.373304,
            43.657395
          ],
          [
            -79.373198,
            43.657506
          ],
          [
            -79.373095,
            43.657607
          ],
          [
            -79.373007,
            43.657699
          ],
          [
            -79.372944,
            43.65778
          ],
          [
            -79.372855,
            43.657882
          ],
          [
            -79.372742,
            43.657967
          ],
          [
            -79.372629,
            43.658036
          ],
          [
            -79.372549,
            43.658084
          ],
          [
            -79.372377,
            43.658163
          ],
          [
            -79.372292,
            43.658194
          ],
          [
            -79.372236,
            43.658214
          ],
          [
            -79.37213,
            43.658245
          ],
          [
            -79.37205,
            43.65825
          ],
          [
            -79.371921,
            43.658267
          ],
          [
            -79.371778,
            43.658276
          ],
          [
            -79.371662,
            43.658281
          ],
          [
            -79.371538,
            43.65829
          ],
          [
            -79.371419,
            43.658295
          ],
          [
            -79.371339,
            43.65829
          ],
          [
            -79.371019,
            43.658287
          ],
          [
            -79.370204,
            43.658482
          ],
          [
            -79.369499,
            43.658651
          ],
          [
            -79.368555,
            43.658864
          ],
          [
            -79.36797,
            43.658977
          ],
          [
            -79.36793,
            43.658983
          ],
          [
            -79.367339,
            43.659115
          ],
          [
            -79.366656,
            43.659286
          ],
          [
            -79.366569,
            43.659306
          ],
          [
            -79.366003,
            43.659433
          ],
          [
            -79.365228,
            43.659599
          ],
          [
            -79.365156,
            43.659615
          ],
          [
            -79.364518,
            43.65975
          ],
          [
            -79.364487,
            43.659755
          ],
          [
            -79.363979,
            43.659863
          ],
          [
            -79.363744,
            43.659918
          ],
          [
            -79.362988,
            43.66008
          ],
          [
            -79.36177,
            43.660353
          ],
          [
            -79.361007,
            43.660524
          ],
          [
            -79.360473,
            43.660665
          ],
          [
            -79.360429,
            43.660677
          ],
          [
            -79.360146,
            43.660733
          ],
          [
            -79.360011,
            43.660758
          ],
          [
            -79.359633,
            43.660848
          ],
          [
            -79.359498,
            43.660879
          ],
          [
            -79.358148,
            43.661191
          ],
          [
            -79.356622,
            43.661553
          ],
          [
            -79.356377,
            43.661616
          ],
          [
            -79.356374,
            43.661616
          ],
          [
            -79.356076,
            43.66165
          ],
          [
            -79.355875,
            43.661673
          ],
          [
            -79.355665,
            43.661697
          ],
          [
            -79.355648,
            43.661699
          ],
          [
            -79.355436,
            43.661727
          ],
          [
            -79.355299,
            43.661746
          ],
          [
            -79.355142,
            43.661763
          ],
          [
            -79.355068,
            43.661774
          ],
          [
            -79.354899,
            43.661794
          ],
          [
            -79.35449,
            43.661853
          ],
          [
            -79.353879,
            43.661909
          ],
          [
            -79.353605,
            43.66196
          ],
          [
            -79.353071,
            43.66207
          ],
          [
            -79.352232,
            43.662236
          ],
          [
            -79.351787,
            43.66235
          ],
          [
            -79.351348,
            43.662461
          ],
          [
            -79.351594,
            43.66305
          ],
          [
            -79.351794,
            43.663531
          ],
          [
            -79.352025,
            43.664082
          ],
          [
            -79.352229,
            43.664568
          ],
          [
            -79.35261,
            43.66548
          ],
          [
            -79.352897,
            43.666153
          ],
          [
            -79.353224,
            43.666934
          ],
          [
            -79.353412,
            43.667409
          ],
          [
            -79.353416,
            43.667472
          ],
          [
            -79.353419,
            43.667541
          ],
          [
            -79.353419,
            43.667544
          ],
          [
            -79.353408,
            43.667608
          ],
          [
            -79.35337,
            43.667752
          ],
          [
            -79.353155,
            43.668246
          ],
          [
            -79.35308,
            43.668466
          ],
          [
            -79.353016,
            43.668795
          ],
          [
            -79.352984,
            43.669069
          ],
          [
            -79.352982,
            43.669277
          ],
          [
            -79.352992,
            43.669353
          ],
          [
            -79.353021,
            43.669443
          ],
          [
            -79.353058,
            43.669515
          ],
          [
            -79.353104,
            43.669587
          ],
          [
            -79.353202,
            43.669699
          ],
          [
            -79.35392,
            43.670484
          ],
          [
            -79.354084,
            43.670664
          ],
          [
            -79.354242,
            43.670844
          ],
          [
            -79.354371,
            43.670993
          ],
          [
            -79.354516,
            43.671258
          ],
          [
            -79.354918,
            43.672001
          ],
          [
            -79.355363,
            43.672493
          ],
          [
            -79.356104,
            43.67325
          ],
          [
            -79.356215,
            43.673368
          ],
          [
            -79.357067,
            43.674258
          ],
          [
            -79.357567,
            43.67479
          ],
          [
            -79.358072,
            43.675395
          ],
          [
            -79.358859,
            43.676195
          ],
          [
            -79.358905,
            43.6763
          ],
          [
            -79.358924,
            43.676395
          ],
          [
            -79.358829,
            43.676772
          ],
          [
            -79.358684,
            43.67681
          ],
          [
            -79.358552,
            43.676852
          ],
          [
            -79.358352,
            43.676945
          ],
          [
            -79.35802,
            43.677113
          ],
          [
            -79.357956,
            43.677186
          ]
        ]
      },
      "properties": {
        "routeId": "505",
        "routeShortName": "505",
        "routeLongName": "Dundas",
        "direction": 0,
        "colorHex": "#ED1C24"
      }
    },
    {
      "type": "Feature",
      "geometry": {
        "type": "LineString",
        "coordinates": [
          [
            -79.358352,
            43.676945
          ],
          [
            -79.35802,
            43.677113
          ],
          [
            -79.357956,
            43.677186
          ],
          [
            -79.357942,
            43.677307
          ],
          [
            -79.357953,
            43.677426
          ],
          [
            -79.358159,
            43.677444
          ],
          [
            -79.358451,
            43.677476
          ],
          [
            -79.358638,
            43.677514
          ],
          [
            -79.358704,
            43.677256
          ],
          [
            -79.358829,
            43.676772
          ],
          [
            -79.358924,
            43.676395
          ],
          [
            -79.358905,
            43.6763
          ],
          [
            -79.35886,
            43.676195
          ],
          [
            -79.358072,
            43.675395
          ],
          [
            -79.357567,
            43.67479
          ],
          [
            -79.357067,
            43.674258
          ],
          [
            -79.356215,
            43.673368
          ],
          [
            -79.356104,
            43.67325
          ],
          [
            -79.355363,
            43.672493
          ],
          [
            -79.354918,
            43.672001
          ],
          [
            -79.354516,
            43.671258
          ],
          [
            -79.354371,
            43.670993
          ],
          [
            -79.354242,
            43.670844
          ],
          [
            -79.354084,
            43.670664
          ],
          [
            -79.35392,
            43.670484
          ],
          [
            -79.353202,
            43.669699
          ],
          [
            -79.353104,
            43.669587
          ],
          [
            -79.353058,
            43.669515
          ],
          [
            -79.353021,
            43.669443
          ],
          [
            -79.352992,
            43.669353
          ],
          [
            -79.352982,
            43.669277
          ],
          [
            -79.352984,
            43.669069
          ],
          [
            -79.353016,
            43.668795
          ],
          [
            -79.35308,
            43.668466
          ],
          [
            -79.353155,
            43.668246
          ],
          [
            -79.35337,
            43.667752
          ],
          [
            -79.353408,
            43.667608
          ],
          [
            -79.353419,
            43.667544
          ],
          [
            -79.353419,
            43.667541
          ],
          [
            -79.353416,
            43.667473
          ],
          [
            -79.353412,
            43.667409
          ],
          [
            -79.353224,
            43.666934
          ],
          [
            -79.352897,
            43.666153
          ],
          [
            -79.35261,
            43.665479
          ],
          [
            -79.352229,
            43.664568
          ],
          [
            -79.352025,
            43.664082
          ],
          [
            -79.351794,
            43.663529
          ],
          [
            -79.351594,
            43.663051
          ],
          [
            -79.351348,
            43.662461
          ],
          [
            -79.351787,
            43.66235
          ],
          [
            -79.352232,
            43.662236
          ],
          [
            -79.353071,
            43.66207
          ],
          [
            -79.353605,
            43.66196
          ],
          [
            -79.353879,
            43.661909
          ],
          [
            -79.35449,
            43.661853
          ],
          [
            -79.354899,
            43.661794
          ],
          [
            -79.355068,
            43.661774
          ],
          [
            -79.355142,
            43.661763
          ],
          [
            -79.355299,
            43.661746
          ],
          [
            -79.355437,
            43.661727
          ],
          [
            -79.355648,
            43.661699
          ],
          [
            -79.355665,
            43.661698
          ],
          [
            -79.355875,
            43.661673
          ],
          [
            -79.356076,
            43.66165
          ],
          [
            -79.356373,
            43.661616
          ],
          [
            -79.356377,
            43.661616
          ],
          [
            -79.356622,
            43.661552
          ],
          [
            -79.358148,
            43.661191
          ],
          [
            -79.359498,
            43.660879
          ],
          [
            -79.359633,
            43.660848
          ],
          [
            -79.360011,
            43.660758
          ],
          [
            -79.360146,
            43.660733
          ],
          [
            -79.360429,
            43.660677
          ],
          [
            -79.360473,
            43.660665
          ],
          [
            -79.361007,
            43.660524
          ],
          [
            -79.36177,
            43.660353
          ],
          [
            -79.362988,
            43.66008
          ],
          [
            -79.363744,
            43.659918
          ],
          [
            -79.363979,
            43.659863
          ],
          [
            -79.364487,
            43.659755
          ],
          [
            -79.364518,
            43.65975
          ],
          [
            -79.365156,
            43.659615
          ],
          [
            -79.365228,
            43.659599
          ],
          [
            -79.366003,
            43.659433
          ],
          [
            -79.366569,
            43.659306
          ],
          [
            -79.366656,
            43.659286
          ],
          [
            -79.367339,
            43.659115
          ],
          [
            -79.36793,
            43.658983
          ],
          [
            -79.36797,
            43.658977
          ],
          [
            -79.368555,
            43.658864
          ],
          [
            -79.369499,
            43.658651
          ],
          [
            -79.370204,
            43.658482
          ],
          [
            -79.371019,
            43.658287
          ],
          [
            -79.371339,
            43.65829
          ],
          [
            -79.371419,
            43.658295
          ],
          [
            -79.371538,
            43.65829
          ],
          [
            -79.371662,
            43.658281
          ],
          [
            -79.371778,
            43.658276
          ],
          [
            -79.371921,
            43.658267
          ],
          [
            -79.37205,
            43.65825
          ],
          [
            -79.37213,
            43.658245
          ],
          [
            -79.372236,
            43.658214
          ],
          [
            -79.372292,
            43.658194
          ],
          [
            -79.372377,
            43.658163
          ],
          [
            -79.372549,
            43.658084
          ],
          [
            -79.372629,
            43.658036
          ],
          [
            -79.372742,
            43.657967
          ],
          [
            -79.372855,
            43.657882
          ],
          [
            -79.372944,
            43.65778
          ],
          [
            -79.373007,
            43.6577
          ],
          [
            -79.373095,
            43.657607
          ],
          [
            -79.373198,
            43.657505
          ],
          [
            -79.373304,
            43.657395
          ],
          [
            -79.373396,
            43.657321
          ],
          [
            -79.373446,
            43.657296
          ],
          [
            -79.374554,
            43.65706
          ],
          [
            -79.375652,
            43.656813
          ],
          [
            -79.376548,
            43.656641
          ],
          [
            -79.377134,
            43.656494
          ],
          [
            -79.377702,
            43.656379
          ],
          [
            -79.378303,
            43.656255
          ],
          [
            -79.378865,
            43.65614
          ],
          [
            -79.379037,
            43.656143
          ],
          [
            -79.379133,
            43.656171
          ],
          [
            -79.379358,
            43.656235
          ],
          [
            -79.379563,
            43.656284
          ],
          [
            -79.380173,
            43.656436
          ],
          [
            -79.380266,
            43.656452
          ],
          [
            -79.380302,
            43.656453
          ],
          [
            -79.380308,
            43.656454
          ],
          [
            -79.380355,
            43.656451
          ],
          [
            -79.380913,
            43.656322
          ],
          [
            -79.383753,
            43.655709
          ],
          [
            -79.385212,
            43.655419
          ],
          [
            -79.386047,
            43.655234
          ],
          [
            -79.387148,
            43.655017
          ],
          [
            -79.388301,
            43.654783
          ],
          [
            -79.388418,
            43.654795
          ],
          [
            -79.388523,
            43.654809
          ],
          [
            -79.388644,
            43.654806
          ],
          [
            -79.388717,
            43.654795
          ],
          [
            -79.389212,
            43.654677
          ],
          [
            -79.389991,
            43.654505
          ],
          [
            -79.390201,
            43.654478
          ],
          [
            -79.39028,
            43.654483
          ],
          [
            -79.390366,
            43.654496
          ],
          [
            -79.390445,
            43.654496
          ],
          [
            -79.390533,
            43.65449
          ],
          [
            -79.390648,
            43.65447
          ],
          [
            -79.391448,
            43.654326
          ],
          [
            -79.393847,
            43.653816
          ],
          [
            -79.394531,
            43.653674
          ],
          [
            -79.394631,
            43.653652
          ],
          [
            -79.395544,
            43.653464
          ],
          [
            -79.396152,
            43.65334
          ],
          [
            -79.397019,
            43.653162
          ],
          [
            -79.397258,
            43.653109
          ],
          [
            -79.397425,
            43.653072
          ],
          [
            -79.398037,
            43.652937
          ],
          [
            -79.399212,
            43.652672
          ],
          [
            -79.399857,
            43.652543
          ],
          [
            -79.400327,
            43.652447
          ],
          [
            -79.401134,
            43.652267
          ],
          [
            -79.401645,
            43.652155
          ],
          [
            -79.402253,
            43.652022
          ],
          [
            -79.402833,
            43.651919
          ],
          [
            -79.403735,
            43.651733
          ],
          [
            -79.403839,
            43.651734
          ],
          [
            -79.403902,
            43.651738
          ],
          [
            -79.403988,
            43.651766
          ],
          [
            -79.404397,
            43.65195
          ],
          [
            -79.404833,
            43.652151
          ],
          [
            -79.405235,
            43.652321
          ],
          [
            -79.405349,
            43.652357
          ],
          [
            -79.405462,
            43.65237
          ],
          [
            -79.405585,
            43.652369
          ],
          [
            -79.406009,
            43.652304
          ],
          [
            -79.406604,
            43.652185
          ],
          [
            -79.407263,
            43.652051
          ],
          [
            -79.408477,
            43.651786
          ],
          [
            -79.409096,
            43.651665
          ],
          [
            -79.40971,
            43.651547
          ],
          [
            -79.410311,
            43.651423
          ],
          [
            -79.410907,
            43.651301
          ],
          [
            -79.411591,
            43.65117
          ],
          [
            -79.412186,
            43.651046
          ],
          [
            -79.412801,
            43.650921
          ],
          [
            -79.413406,
            43.650791
          ],
          [
            -79.413487,
            43.650774
          ],
          [
            -79.413923,
            43.650697
          ],
          [
            -79.413971,
            43.650687
          ],
          [
            -79.414935,
            43.650491
          ],
          [
            -79.415973,
            43.65029
          ],
          [
            -79.417056,
            43.650061
          ],
          [
            -79.418274,
            43.649818
          ],
          [
            -79.418829,
            43.649706
          ],
          [
            -79.418891,
            43.649693
          ],
          [
            -79.419526,
            43.649565
          ],
          [
            -79.420203,
            43.649435
          ],
          [
            -79.420237,
            43.649428
          ],
          [
            -79.420769,
            43.649326
          ],
          [
            -79.42277,
            43.649379
          ],
          [
            -79.423248,
            43.649394
          ],
          [
            -79.423793,
            43.649414
          ],
          [
            -79.423907,
            43.649419
          ],
          [
            -79.42399,
            43.64942
          ],
          [
            -79.424739,
            43.64943
          ],
          [
            -79.425811,
            43.649475
          ],
          [
            -79.426783,
            43.649493
          ],
          [
            -79.428111,
            43.649551
          ],
          [
            -79.429816,
            43.649577
          ],
          [
            -79.4309,
            43.649617
          ],
          [
            -79.430998,
            43.64962
          ],
          [
            -79.431442,
            43.649644
          ],
          [
            -79.432475,
            43.649687
          ],
          [
            -79.433132,
            43.649731
          ],
          [
            -79.433678,
            43.649765
          ],
          [
            -79.435591,
            43.649883
          ],
          [
            -79.436948,
            43.649973
          ],
          [
            -79.437,
            43.649977
          ],
          [
            -79.438309,
            43.650081
          ],
          [
            -79.439719,
            43.650161
          ],
          [
            -79.441008,
            43.650274
          ],
          [
            -79.441434,
            43.650314
          ],
          [
            -79.442046,
            43.650445
          ],
          [
            -79.442137,
            43.650467
          ],
          [
            -79.443011,
            43.65068
          ],
          [
            -79.444033,
            43.650905
          ],
          [
            -79.445311,
            43.651195
          ],
          [
            -79.446797,
            43.651583
          ],
          [
            -79.447595,
            43.651921
          ],
          [
            -79.448075,
            43.652109
          ],
          [
            -79.449196,
            43.652625
          ],
          [
            -79.450103,
            43.653044
          ],
          [
            -79.451574,
            43.653708
          ],
          [
            -79.451834,
            43.653876
          ],
          [
            -79.452177,
            43.655186
          ],
          [
            -79.452442,
            43.656314
          ],
          [
            -79.452625,
            43.656998
          ],
          [
            -79.4527,
            43.656901
          ],
          [
            -79.452777,
            43.656857
          ],
          [
            -79.453142,
            43.656801
          ],
          [
            -79.453673,
            43.656751
          ]
        ]
      },
      "properties": {
        "routeId": "505",
        "routeShortName": "505",
        "routeLongName": "Dundas",
        "direction": 1,
        "colorHex": "#ED1C24"
      }
    },
    {
      "type": "Feature",
      "geometry": {
        "type": "LineString",
        "coordinates": [
          [
            -79.403571,
            43.667505
          ],
          [
            -79.403528,
            43.667504
          ],
          [
            -79.4035,
            43.667503
          ],
          [
            -79.403447,
            43.667491
          ],
          [
            -79.403396,
            43.667463
          ],
          [
            -79.403374,
            43.667416
          ],
          [
            -79.403376,
            43.667404
          ],
          [
            -79.403383,
            43.667364
          ],
          [
            -79.403409,
            43.667335
          ],
          [
            -79.403488,
            43.667307
          ],
          [
            -79.404077,
            43.667186
          ],
          [
            -79.40387,
            43.666657
          ],
          [
            -79.403118,
            43.665515
          ],
          [
            -79.40274,
            43.664656
          ],
          [
            -79.402414,
            43.663852
          ],
          [
            -79.402109,
            43.663052
          ],
          [
            -79.401772,
            43.662218
          ],
          [
            -79.401747,
            43.662156
          ],
          [
            -79.40141,
            43.661302
          ],
          [
            -79.40109,
            43.660516
          ],
          [
            -79.401029,
            43.660367
          ],
          [
            -79.401394,
            43.660111
          ],
          [
            -79.401489,
            43.660052
          ],
          [
            -79.401555,
            43.659944
          ],
          [
            -79.401594,
            43.659829
          ],
          [
            -79.401611,
            43.659717
          ],
          [
            -79.401627,
            43.659612
          ],
          [
            -79.401627,
            43.659574
          ],
          [
            -79.401625,
            43.659495
          ],
          [
            -79.401492,
            43.659337
          ],
          [
            -79.401395,
            43.659263
          ],
          [
            -79.401279,
            43.659202
          ],
          [
            -79.401162,
            43.659143
          ],
          [
            -79.401041,
            43.659095
          ],
          [
            -79.400854,
            43.659064
          ],
          [
            -79.400681,
            43.659041
          ],
          [
            -79.400598,
            43.65902
          ],
          [
            -79.400469,
            43.658972
          ],
          [
            -79.400254,
            43.658449
          ],
          [
            -79.400217,
            43.658359
          ],
          [
            -79.400048,
            43.657948
          ],
          [
            -79.399835,
            43.657969
          ],
          [
            -79.399757,
            43.657968
          ],
          [
            -79.399629,
            43.657984
          ],
          [
            -79.399052,
            43.658096
          ],
          [
            -79.398198,
            43.65826
          ],
          [
            -79.397036,
            43.658484
          ],
          [
            -79.396212,
            43.65864
          ],
          [
            -79.395902,
            43.6587
          ],
          [
            -79.395294,
            43.658826
          ],
          [
            -79.394681,
            43.658954
          ],
          [
            -79.39461,
            43.658968
          ],
          [
            -79.394087,
            43.65907
          ],
          [
            -79.393484,
            43.659199
          ],
          [
            -79.39259,
            43.659396
          ],
          [
            -79.390494,
            43.659858
          ],
          [
            -79.387425,
            43.660514
          ],
          [
            -79.386682,
            43.660661
          ],
          [
            -79.385854,
            43.660815
          ],
          [
            -79.383706,
            43.661252
          ],
          [
            -79.38311,
            43.661371
          ],
          [
            -79.382579,
            43.661375
          ],
          [
            -79.382404,
            43.661374
          ],
          [
            -79.381948,
            43.661369
          ],
          [
            -79.381833,
            43.661364
          ],
          [
            -79.381678,
            43.661387
          ],
          [
            -79.381475,
            43.661433
          ],
          [
            -79.379374,
            43.661875
          ],
          [
            -79.378008,
            43.662137
          ],
          [
            -79.377877,
            43.662172
          ],
          [
            -79.376716,
            43.662418
          ],
          [
            -79.375914,
            43.662587
          ],
          [
            -79.375299,
            43.662716
          ],
          [
            -79.374349,
            43.662916
          ],
          [
            -79.37315,
            43.663171
          ],
          [
            -79.373061,
            43.66319
          ],
          [
            -79.372266,
            43.663365
          ],
          [
            -79.372164,
            43.663387
          ],
          [
            -79.371518,
            43.663512
          ],
          [
            -79.37052,
            43.663722
          ],
          [
            -79.369307,
            43.663992
          ],
          [
            -79.367981,
            43.664285
          ],
          [
            -79.367838,
            43.663932
          ],
          [
            -79.367831,
            43.663915
          ],
          [
            -79.36779,
            43.663813
          ],
          [
            -79.367543,
            43.663206
          ],
          [
            -79.367367,
            43.662768
          ],
          [
            -79.367252,
            43.662485
          ],
          [
            -79.367191,
            43.662334
          ],
          [
            -79.367035,
            43.66195
          ],
          [
            -79.366045,
            43.66217
          ],
          [
            -79.365978,
            43.662185
          ],
          [
            -79.364037,
            43.662587
          ],
          [
            -79.363184,
            43.662791
          ],
          [
            -79.362334,
            43.662971
          ],
          [
            -79.361498,
            43.663158
          ],
          [
            -79.360917,
            43.663291
          ],
          [
            -79.360895,
            43.663296
          ],
          [
            -79.360327,
            43.663426
          ],
          [
            -79.359762,
            43.663553
          ],
          [
            -79.359635,
            43.663582
          ],
          [
            -79.359244,
            43.663707
          ],
          [
            -79.358923,
            43.663799
          ],
          [
            -79.356869,
            43.664375
          ],
          [
            -79.356711,
            43.664423
          ],
          [
            -79.356529,
            43.664478
          ],
          [
            -79.35649,
            43.66449
          ],
          [
            -79.356303,
            43.664533
          ],
          [
            -79.355963,
            43.664602
          ],
          [
            -79.355774,
            43.664644
          ],
          [
            -79.355293,
            43.664781
          ],
          [
            -79.355179,
            43.664814
          ],
          [
            -79.355452,
            43.665482
          ],
          [
            -79.354707,
            43.665646
          ],
          [
            -79.354495,
            43.665692
          ],
          [
            -79.354152,
            43.665768
          ],
          [
            -79.354099,
            43.665779
          ],
          [
            -79.353958,
            43.665821
          ],
          [
            -79.353831,
            43.665886
          ],
          [
            -79.353821,
            43.665889
          ],
          [
            -79.353758,
            43.665922
          ],
          [
            -79.353708,
            43.665948
          ],
          [
            -79.353617,
            43.665971
          ],
          [
            -79.352911,
            43.66616
          ],
          [
            -79.352624,
            43.665486
          ]
        ]
      },
      "properties": {
        "routeId": "506",
        "routeShortName": "506",
        "routeLongName": "Carlton",
        "direction": 0,
        "colorHex": "#ED1C24"
      }
    },
    {
      "type": "Feature",
      "geometry": {
        "type": "LineString",
        "coordinates": [
          [
            -79.352624,
            43.665486
          ],
          [
            -79.352776,
            43.665482
          ],
          [
            -79.353525,
            43.665273
          ],
          [
            -79.353978,
            43.665148
          ],
          [
            -79.353993,
            43.665144
          ],
          [
            -79.354339,
            43.665048
          ],
          [
            -79.354732,
            43.664938
          ],
          [
            -79.355152,
            43.664821
          ],
          [
            -79.355179,
            43.664814
          ],
          [
            -79.355293,
            43.664781
          ],
          [
            -79.355774,
            43.664644
          ],
          [
            -79.355963,
            43.664602
          ],
          [
            -79.356303,
            43.664533
          ],
          [
            -79.35649,
            43.66449
          ],
          [
            -79.356529,
            43.664478
          ],
          [
            -79.356711,
            43.664423
          ],
          [
            -79.356869,
            43.664375
          ],
          [
            -79.358923,
            43.663799
          ],
          [
            -79.359244,
            43.663707
          ],
          [
            -79.359635,
            43.663582
          ],
          [
            -79.359762,
            43.663553
          ],
          [
            -79.360327,
            43.663426
          ],
          [
            -79.360895,
            43.663296
          ],
          [
            -79.360917,
            43.663291
          ],
          [
            -79.361498,
            43.663158
          ],
          [
            -79.362334,
            43.662971
          ],
          [
            -79.363184,
            43.662791
          ],
          [
            -79.364037,
            43.662587
          ],
          [
            -79.365978,
            43.662185
          ],
          [
            -79.366045,
            43.66217
          ],
          [
            -79.367035,
            43.66195
          ],
          [
            -79.367191,
            43.662334
          ],
          [
            -79.367252,
            43.662485
          ],
          [
            -79.367367,
            43.662768
          ],
          [
            -79.367543,
            43.663206
          ],
          [
            -79.36779,
            43.663813
          ],
          [
            -79.367831,
            43.663915
          ],
          [
            -79.367838,
            43.663932
          ],
          [
            -79.367981,
            43.664285
          ],
          [
            -79.369307,
            43.663992
          ],
          [
            -79.37052,
            43.663722
          ],
          [
            -79.371518,
            43.663512
          ],
          [
            -79.372164,
            43.663387
          ],
          [
            -79.372266,
            43.663365
          ],
          [
            -79.373061,
            43.66319
          ],
          [
            -79.37315,
            43.663171
          ],
          [
            -79.374349,
            43.662916
          ],
          [
            -79.375299,
            43.662716
          ],
          [
            -79.375914,
            43.662587
          ],
          [
            -79.376716,
            43.662418
          ],
          [
            -79.377877,
            43.662172
          ],
          [
            -79.378008,
            43.662137
          ],
          [
            -79.379374,
            43.661875
          ],
          [
            -79.379755,
            43.662825
          ],
          [
            -79.380111,
            43.663697
          ],
          [
            -79.38052,
            43.664647
          ],
          [
            -79.380959,
            43.665722
          ],
          [
            -79.381398,
            43.665625
          ],
          [
            -79.381428,
            43.665619
          ],
          [
            -79.383481,
            43.665168
          ],
          [
            -79.383841,
            43.665088
          ],
          [
            -79.383875,
            43.665081
          ],
          [
            -79.383949,
            43.665066
          ],
          [
            -79.384595,
            43.664937
          ],
          [
            -79.384955,
            43.664855
          ],
          [
            -79.384996,
            43.664846
          ],
          [
            -79.38518,
            43.664805
          ],
          [
            -79.385414,
            43.664752
          ],
          [
            -79.385452,
            43.664743
          ],
          [
            -79.385532,
            43.664725
          ],
          [
            -79.387183,
            43.664367
          ],
          [
            -79.38694,
            43.663762
          ],
          [
            -79.386779,
            43.663358
          ],
          [
            -79.386383,
            43.662469
          ],
          [
            -79.386127,
            43.661792
          ],
          [
            -79.386105,
            43.661701
          ],
          [
            -79.3861,
            43.661645
          ],
          [
            -79.386099,
            43.661563
          ],
          [
            -79.386104,
            43.661467
          ],
          [
            -79.386079,
            43.661383
          ],
          [
            -79.385854,
            43.660815
          ],
          [
            -79.386682,
            43.660661
          ],
          [
            -79.387425,
            43.660514
          ],
          [
            -79.390494,
            43.659858
          ],
          [
            -79.39259,
            43.659396
          ],
          [
            -79.393484,
            43.659199
          ],
          [
            -79.394087,
            43.65907
          ],
          [
            -79.39461,
            43.658968
          ],
          [
            -79.394681,
            43.658954
          ],
          [
            -79.395294,
            43.658826
          ],
          [
            -79.395902,
            43.6587
          ],
          [
            -79.396212,
            43.65864
          ],
          [
            -79.397036,
            43.658484
          ],
          [
            -79.398198,
            43.65826
          ],
          [
            -79.399052,
            43.658096
          ],
          [
            -79.399629,
            43.657984
          ],
          [
            -79.399757,
            43.657968
          ],
          [
            -79.399835,
            43.657969
          ],
          [
            -79.400048,
            43.657948
          ],
          [
            -79.400217,
            43.658359
          ],
          [
            -79.400254,
            43.658449
          ],
          [
            -79.400469,
            43.658972
          ],
          [
            -79.400404,
            43.659039
          ],
          [
            -79.400365,
            43.659079
          ],
          [
            -79.400294,
            43.659158
          ],
          [
            -79.400186,
            43.65924
          ],
          [
            -79.400087,
            43.65933
          ],
          [
            -79.400016,
            43.659427
          ],
          [
            -79.39996,
            43.659511
          ],
          [
            -79.399923,
            43.659606
          ],
          [
            -79.399909,
            43.659669
          ],
          [
            -79.39992,
            43.659802
          ],
          [
            -79.399953,
            43.659889
          ],
          [
            -79.399974,
            43.659933
          ],
          [
            -79.400034,
            43.660019
          ],
          [
            -79.40012,
            43.660097
          ],
          [
            -79.400246,
            43.660176
          ],
          [
            -79.400368,
            43.660235
          ],
          [
            -79.40054,
            43.66028
          ],
          [
            -79.400701,
            43.660308
          ],
          [
            -79.401029,
            43.660367
          ],
          [
            -79.40109,
            43.660516
          ],
          [
            -79.40141,
            43.661302
          ],
          [
            -79.401747,
            43.662156
          ],
          [
            -79.401772,
            43.662218
          ],
          [
            -79.402109,
            43.663052
          ],
          [
            -79.402414,
            43.663852
          ],
          [
            -79.402744,
            43.664655
          ],
          [
            -79.403109,
            43.66551
          ],
          [
            -79.40387,
            43.666657
          ],
          [
            -79.404077,
            43.667186
          ],
          [
            -79.404155,
            43.667383
          ],
          [
            -79.403577,
            43.667504
          ]
        ]
      },
      "properties": {
        "routeId": "506",
        "routeShortName": "506",
        "routeLongName": "Carlton",
        "direction": 1,
        "colorHex": "#ED1C24"
      }
    },
    {
      "type": "Feature",
      "geometry": {
        "type": "LineString",
        "coordinates": [
          [
            -79.418014,
            43.63565
          ],
          [
            -79.413763,
            43.636849
          ],
          [
            -79.413147,
            43.636988
          ],
          [
            -79.412893,
            43.637024
          ],
          [
            -79.412394,
            43.636992
          ],
          [
            -79.412241,
            43.636954
          ],
          [
            -79.41211,
            43.636892
          ],
          [
            -79.411994,
            43.636817
          ],
          [
            -79.411811,
            43.636664
          ],
          [
            -79.411722,
            43.636599
          ],
          [
            -79.411615,
            43.636551
          ],
          [
            -79.411482,
            43.636509
          ],
          [
            -79.410584,
            43.636266
          ],
          [
            -79.410385,
            43.636242
          ],
          [
            -79.409826,
            43.636236
          ],
          [
            -79.409631,
            43.636255
          ],
          [
            -79.408654,
            43.63634
          ],
          [
            -79.407809,
            43.636375
          ],
          [
            -79.407609,
            43.636393
          ],
          [
            -79.407374,
            43.636414
          ],
          [
            -79.40712,
            43.636405
          ],
          [
            -79.406895,
            43.636395
          ],
          [
            -79.406841,
            43.636392
          ],
          [
            -79.406802,
            43.63639
          ],
          [
            -79.406606,
            43.636375
          ],
          [
            -79.406299,
            43.636341
          ],
          [
            -79.405997,
            43.636305
          ],
          [
            -79.405738,
            43.636252
          ],
          [
            -79.405483,
            43.636183
          ],
          [
            -79.405412,
            43.636169
          ],
          [
            -79.405237,
            43.636133
          ],
          [
            -79.405224,
            43.636131
          ],
          [
            -79.404945,
            43.636089
          ],
          [
            -79.404807,
            43.636053
          ],
          [
            -79.404708,
            43.636027
          ],
          [
            -79.404369,
            43.635956
          ],
          [
            -79.40429,
            43.635944
          ],
          [
            -79.404235,
            43.635936
          ],
          [
            -79.404098,
            43.635927
          ],
          [
            -79.403729,
            43.635902
          ],
          [
            -79.403549,
            43.635913
          ],
          [
            -79.403044,
            43.635944
          ],
          [
            -79.402089,
            43.636034
          ],
          [
            -79.402019,
            43.636041
          ],
          [
            -79.401431,
            43.636127
          ],
          [
            -79.401058,
            43.636209
          ],
          [
            -79.400879,
            43.636254
          ],
          [
            -79.40077,
            43.636282
          ],
          [
            -79.400268,
            43.636444
          ],
          [
            -79.39972,
            43.636631
          ],
          [
            -79.399649,
            43.636484
          ],
          [
            -79.399646,
            43.63648
          ],
          [
            -79.399609,
            43.636434
          ],
          [
            -79.399577,
            43.636404
          ],
          [
            -79.399494,
            43.636339
          ],
          [
            -79.39944,
            43.636302
          ],
          [
            -79.399368,
            43.636259
          ],
          [
            -79.398936,
            43.636054
          ],
          [
            -79.39885,
            43.636009
          ],
          [
            -79.398783,
            43.635974
          ],
          [
            -79.398697,
            43.635923
          ],
          [
            -79.398594,
            43.635858
          ],
          [
            -79.398476,
            43.635778
          ],
          [
            -79.398403,
            43.635714
          ],
          [
            -79.398365,
            43.635675
          ],
          [
            -79.398337,
            43.635644
          ],
          [
            -79.398337,
            43.635644
          ],
          [
            -79.398244,
            43.635758
          ],
          [
            -79.397455,
            43.636374
          ],
          [
            -79.397429,
            43.636388
          ],
          [
            -79.397403,
            43.636406
          ],
          [
            -79.397377,
            43.636419
          ],
          [
            -79.39735,
            43.636433
          ],
          [
            -79.397322,
            43.63645
          ],
          [
            -79.397294,
            43.636464
          ],
          [
            -79.397265,
            43.636477
          ],
          [
            -79.397237,
            43.636491
          ],
          [
            -79.397207,
            43.636504
          ],
          [
            -79.397177,
            43.636513
          ],
          [
            -79.397147,
            43.636527
          ],
          [
            -79.397117,
            43.636536
          ],
          [
            -79.397086,
            43.636545
          ],
          [
            -79.397054,
            43.636558
          ],
          [
            -79.397023,
            43.636567
          ],
          [
            -79.396991,
            43.636576
          ],
          [
            -79.396978,
            43.63658
          ],
          [
            -79.396729,
            43.636671
          ],
          [
            -79.396233,
            43.636837
          ],
          [
            -79.394912,
            43.637228
          ],
          [
            -79.394431,
            43.637316
          ],
          [
            -79.394372,
            43.637323
          ],
          [
            -79.39398,
            43.637368
          ],
          [
            -79.393652,
            43.637398
          ],
          [
            -79.393464,
            43.637396
          ],
          [
            -79.39331,
            43.637404
          ],
          [
            -79.393132,
            43.637416
          ],
          [
            -79.392951,
            43.637442
          ],
          [
            -79.392811,
            43.637464
          ],
          [
            -79.391889,
            43.637653
          ],
          [
            -79.391597,
            43.63771
          ],
          [
            -79.390911,
            43.637858
          ],
          [
            -79.390645,
            43.637916
          ],
          [
            -79.38957,
            43.638149
          ],
          [
            -79.388636,
            43.638355
          ],
          [
            -79.387608,
            43.638615
          ],
          [
            -79.386751,
            43.638826
          ],
          [
            -79.386573,
            43.638854
          ],
          [
            -79.385463,
            43.639029
          ],
          [
            -79.38442,
            43.63921
          ],
          [
            -79.382724,
            43.639505
          ],
          [
            -79.382623,
            43.639523
          ],
          [
            -79.380648,
            43.639868
          ],
          [
            -79.380613,
            43.639872
          ],
          [
            -79.380578,
            43.639877
          ],
          [
            -79.380543,
            43.639881
          ],
          [
            -79.380508,
            43.63989
          ],
          [
            -79.380474,
            43.639894
          ],
          [
            -79.380439,
            43.639899
          ],
          [
            -79.380405,
            43.639903
          ],
          [
            -79.380371,
            43.639912
          ],
          [
            -79.380337,
            43.639921
          ],
          [
            -79.380329,
            43.639923
          ],
          [
            -79.380304,
            43.63993
          ],
          [
            -79.38027,
            43.639939
          ],
          [
            -79.380238,
            43.639953
          ],
          [
            -79.380199,
            43.639963
          ],
          [
            -79.379136,
            43.640359
          ],
          [
            -79.376841,
            43.641152
          ],
          [
            -79.377461,
            43.642078
          ],
          [
            -79.377557,
            43.642303
          ],
          [
            -79.377686,
            43.64265
          ],
          [
            -79.377789,
            43.642922
          ],
          [
            -79.377823,
            43.643006
          ],
          [
            -79.377865,
            43.643109
          ],
          [
            -79.377912,
            43.643217
          ],
          [
            -79.378477,
            43.644513
          ],
          [
            -79.378627,
            43.644861
          ],
          [
            -79.378762,
            43.645168
          ],
          [
            -79.378822,
            43.645306
          ],
          [
            -79.378837,
            43.64534
          ],
          [
            -79.378973,
            43.645636
          ],
          [
            -79.379018,
            43.645632
          ],
          [
            -79.379074,
            43.645625
          ],
          [
            -79.379121,
            43.645601
          ]
        ]
      },
      "properties": {
        "routeId": "509",
        "routeShortName": "509",
        "routeLongName": "Harbourfront",
        "direction": 0,
        "colorHex": "#ED1C24"
      }
    },
    {
      "type": "Feature",
      "geometry": {
        "type": "LineString",
        "coordinates": [
          [
            -79.379121,
            43.645601
          ],
          [
            -79.379161,
            43.645547
          ],
          [
            -79.379165,
            43.645492
          ],
          [
            -79.379138,
            43.645436
          ],
          [
            -79.379096,
            43.645391
          ],
          [
            -79.379024,
            43.645342
          ],
          [
            -79.378957,
            43.645326
          ],
          [
            -79.378877,
            43.64531
          ],
          [
            -79.378822,
            43.645306
          ],
          [
            -79.378762,
            43.645168
          ],
          [
            -79.378627,
            43.644861
          ],
          [
            -79.378477,
            43.644513
          ],
          [
            -79.377912,
            43.643217
          ],
          [
            -79.377865,
            43.643109
          ],
          [
            -79.377823,
            43.643006
          ],
          [
            -79.377789,
            43.642922
          ],
          [
            -79.377686,
            43.64265
          ],
          [
            -79.377557,
            43.642303
          ],
          [
            -79.377461,
            43.642078
          ],
          [
            -79.376841,
            43.641152
          ],
          [
            -79.379136,
            43.640359
          ],
          [
            -79.380205,
            43.639962
          ],
          [
            -79.380238,
            43.639953
          ],
          [
            -79.38027,
            43.639939
          ],
          [
            -79.380304,
            43.63993
          ],
          [
            -79.380329,
            43.639923
          ],
          [
            -79.380337,
            43.639921
          ],
          [
            -79.380371,
            43.639912
          ],
          [
            -79.380405,
            43.639903
          ],
          [
            -79.380439,
            43.639899
          ],
          [
            -79.380474,
            43.639894
          ],
          [
            -79.380508,
            43.63989
          ],
          [
            -79.380543,
            43.639881
          ],
          [
            -79.380578,
            43.639877
          ],
          [
            -79.380613,
            43.639872
          ],
          [
            -79.380648,
            43.639868
          ],
          [
            -79.382623,
            43.639523
          ],
          [
            -79.382724,
            43.639505
          ],
          [
            -79.38442,
            43.63921
          ],
          [
            -79.385463,
            43.639029
          ],
          [
            -79.386573,
            43.638854
          ],
          [
            -79.386751,
            43.638826
          ],
          [
            -79.387608,
            43.638615
          ],
          [
            -79.388636,
            43.638355
          ],
          [
            -79.38957,
            43.638149
          ],
          [
            -79.390645,
            43.637916
          ],
          [
            -79.390911,
            43.637858
          ],
          [
            -79.391597,
            43.63771
          ],
          [
            -79.391889,
            43.637653
          ],
          [
            -79.392811,
            43.637464
          ],
          [
            -79.392951,
            43.637442
          ],
          [
            -79.393132,
            43.637416
          ],
          [
            -79.39331,
            43.637404
          ],
          [
            -79.393464,
            43.637396
          ],
          [
            -79.393652,
            43.637398
          ],
          [
            -79.39398,
            43.637368
          ],
          [
            -79.394372,
            43.637323
          ],
          [
            -79.394431,
            43.637316
          ],
          [
            -79.394912,
            43.637228
          ],
          [
            -79.396233,
            43.636837
          ],
          [
            -79.396729,
            43.636671
          ],
          [
            -79.396978,
            43.63658
          ],
          [
            -79.396991,
            43.636576
          ],
          [
            -79.397023,
            43.636567
          ],
          [
            -79.397054,
            43.636558
          ],
          [
            -79.397086,
            43.636545
          ],
          [
            -79.397117,
            43.636536
          ],
          [
            -79.397147,
            43.636527
          ],
          [
            -79.397177,
            43.636513
          ],
          [
            -79.397207,
            43.636504
          ],
          [
            -79.397237,
            43.636491
          ],
          [
            -79.397265,
            43.636477
          ],
          [
            -79.397294,
            43.636464
          ],
          [
            -79.397322,
            43.63645
          ],
          [
            -79.39735,
            43.636433
          ],
          [
            -79.397377,
            43.636419
          ],
          [
            -79.397403,
            43.636406
          ],
          [
            -79.397429,
            43.636388
          ],
          [
            -79.397455,
            43.636374
          ],
          [
            -79.398244,
            43.635758
          ],
          [
            -79.398365,
            43.635675
          ],
          [
            -79.398403,
            43.635714
          ],
          [
            -79.398476,
            43.635778
          ],
          [
            -79.398594,
            43.635858
          ],
          [
            -79.398697,
            43.635923
          ],
          [
            -79.398783,
            43.635974
          ],
          [
            -79.39885,
            43.636009
          ],
          [
            -79.398936,
            43.636054
          ],
          [
            -79.399368,
            43.636259
          ],
          [
            -79.39944,
            43.636302
          ],
          [
            -79.399494,
            43.636339
          ],
          [
            -79.399577,
            43.636404
          ],
          [
            -79.399609,
            43.636434
          ],
          [
            -79.399646,
            43.63648
          ],
          [
            -79.399649,
            43.636484
          ],
          [
            -79.39972,
            43.636631
          ],
          [
            -79.400268,
            43.636444
          ],
          [
            -79.40077,
            43.636282
          ],
          [
            -79.400879,
            43.636254
          ],
          [
            -79.401058,
            43.636209
          ],
          [
            -79.401431,
            43.636127
          ],
          [
            -79.402019,
            43.636041
          ],
          [
            -79.402089,
            43.636034
          ],
          [
            -79.403044,
            43.635944
          ],
          [
            -79.403549,
            43.635913
          ],
          [
            -79.403729,
            43.635902
          ],
          [
            -79.404098,
            43.635927
          ],
          [
            -79.404235,
            43.635936
          ],
          [
            -79.40429,
            43.635944
          ],
          [
            -79.404369,
            43.635956
          ],
          [
            -79.404708,
            43.636027
          ],
          [
            -79.404807,
            43.636053
          ],
          [
            -79.404945,
            43.636089
          ],
          [
            -79.405224,
            43.636131
          ],
          [
            -79.405237,
            43.636133
          ],
          [
            -79.405412,
            43.636169
          ],
          [
            -79.405483,
            43.636183
          ],
          [
            -79.405738,
            43.636252
          ],
          [
            -79.405997,
            43.636305
          ],
          [
            -79.406299,
            43.636341
          ],
          [
            -79.406606,
            43.636375
          ],
          [
            -79.406802,
            43.63639
          ],
          [
            -79.406841,
            43.636392
          ],
          [
            -79.406895,
            43.636395
          ],
          [
            -79.40712,
            43.636405
          ],
          [
            -79.407374,
            43.636414
          ],
          [
            -79.407609,
            43.636393
          ],
          [
            -79.407809,
            43.636375
          ],
          [
            -79.408654,
            43.63634
          ],
          [
            -79.40964,
            43.636249
          ],
          [
            -79.409826,
            43.636236
          ],
          [
            -79.410385,
            43.636242
          ],
          [
            -79.410584,
            43.636266
          ],
          [
            -79.411482,
            43.636509
          ],
          [
            -79.411615,
            43.636551
          ],
          [
            -79.411722,
            43.636599
          ],
          [
            -79.411811,
            43.636664
          ],
          [
            -79.411994,
            43.636817
          ],
          [
            -79.41211,
            43.636892
          ],
          [
            -79.412241,
            43.636954
          ],
          [
            -79.412394,
            43.636992
          ],
          [
            -79.412786,
            43.637135
          ],
          [
            -79.412869,
            43.637164
          ],
          [
            -79.412898,
            43.637174
          ],
          [
            -79.412998,
            43.637205
          ],
          [
            -79.413064,
            43.637226
          ],
          [
            -79.41313,
            43.637239
          ],
          [
            -79.413149,
            43.637243
          ],
          [
            -79.413191,
            43.637251
          ],
          [
            -79.413395,
            43.637242
          ],
          [
            -79.413652,
            43.637193
          ],
          [
            -79.418188,
            43.635908
          ],
          [
            -79.418288,
            43.635869
          ],
          [
            -79.418335,
            43.635842
          ],
          [
            -79.418368,
            43.635803
          ],
          [
            -79.418371,
            43.635787
          ],
          [
            -79.418379,
            43.635755
          ],
          [
            -79.418365,
            43.635714
          ],
          [
            -79.418345,
            43.635691
          ],
          [
            -79.418322,
            43.635664
          ],
          [
            -79.418266,
            43.635636
          ],
          [
            -79.418139,
            43.635629
          ],
          [
            -79.418014,
            43.63565
          ],
          [
            -79.413763,
            43.636849
          ]
        ]
      },
      "properties": {
        "routeId": "509",
        "routeShortName": "509",
        "routeLongName": "Harbourfront",
        "direction": 1,
        "colorHex": "#ED1C24"
      }
    },
    {
      "type": "Feature",
      "geometry": {
        "type": "LineString",
        "coordinates": [
          [
            -79.403126,
            43.667344
          ],
          [
            -79.403779,
            43.667206
          ],
          [
            -79.403857,
            43.667186
          ],
          [
            -79.403904,
            43.667144
          ],
          [
            -79.403938,
            43.667093
          ],
          [
            -79.403946,
            43.667039
          ],
          [
            -79.403955,
            43.666976
          ],
          [
            -79.40394,
            43.666912
          ],
          [
            -79.403779,
            43.666676
          ],
          [
            -79.403548,
            43.666338
          ],
          [
            -79.403118,
            43.665515
          ],
          [
            -79.40274,
            43.664656
          ],
          [
            -79.402414,
            43.663852
          ],
          [
            -79.402109,
            43.663052
          ],
          [
            -79.401772,
            43.662218
          ],
          [
            -79.401747,
            43.662156
          ],
          [
            -79.40141,
            43.661302
          ],
          [
            -79.40109,
            43.660516
          ],
          [
            -79.401029,
            43.660367
          ],
          [
            -79.401394,
            43.660111
          ],
          [
            -79.401489,
            43.660052
          ],
          [
            -79.401555,
            43.659944
          ],
          [
            -79.401594,
            43.659829
          ],
          [
            -79.401611,
            43.659717
          ],
          [
            -79.401627,
            43.659612
          ],
          [
            -79.401627,
            43.659574
          ],
          [
            -79.401625,
            43.659495
          ],
          [
            -79.401492,
            43.659337
          ],
          [
            -79.401395,
            43.659263
          ],
          [
            -79.401279,
            43.659202
          ],
          [
            -79.401162,
            43.659143
          ],
          [
            -79.401041,
            43.659095
          ],
          [
            -79.400854,
            43.659064
          ],
          [
            -79.400681,
            43.659041
          ],
          [
            -79.400598,
            43.65902
          ],
          [
            -79.400469,
            43.658972
          ],
          [
            -79.400254,
            43.658449
          ],
          [
            -79.400217,
            43.658359
          ],
          [
            -79.400048,
            43.657948
          ],
          [
            -79.399853,
            43.657437
          ],
          [
            -79.399841,
            43.657404
          ],
          [
            -79.399591,
            43.656749
          ],
          [
            -79.399315,
            43.656102
          ],
          [
            -79.399231,
            43.655851
          ],
          [
            -79.398926,
            43.655138
          ],
          [
            -79.39883,
            43.654914
          ],
          [
            -79.398644,
            43.654403
          ],
          [
            -79.398445,
            43.653896
          ],
          [
            -79.398049,
            43.652944
          ],
          [
            -79.397803,
            43.652289
          ],
          [
            -79.397792,
            43.65226
          ],
          [
            -79.397644,
            43.651876
          ],
          [
            -79.397239,
            43.650902
          ],
          [
            -79.396884,
            43.650069
          ],
          [
            -79.396638,
            43.649437
          ],
          [
            -79.396381,
            43.648765
          ],
          [
            -79.396212,
            43.648361
          ],
          [
            -79.396199,
            43.648331
          ],
          [
            -79.396074,
            43.648033
          ],
          [
            -79.395969,
            43.647807
          ],
          [
            -79.395829,
            43.647397
          ],
          [
            -79.39557,
            43.64674
          ],
          [
            -79.395365,
            43.646214
          ],
          [
            -79.395251,
            43.645948
          ],
          [
            -79.395046,
            43.64547
          ],
          [
            -79.394888,
            43.645078
          ],
          [
            -79.394785,
            43.644821
          ],
          [
            -79.394772,
            43.644788
          ],
          [
            -79.394624,
            43.644422
          ],
          [
            -79.394575,
            43.644282
          ],
          [
            -79.394487,
            43.64403
          ],
          [
            -79.394292,
            43.64359
          ],
          [
            -79.394113,
            43.643171
          ],
          [
            -79.393928,
            43.642738
          ],
          [
            -79.39369,
            43.642171
          ],
          [
            -79.393515,
            43.641761
          ],
          [
            -79.393425,
            43.641543
          ],
          [
            -79.393399,
            43.641479
          ],
          [
            -79.393344,
            43.641344
          ],
          [
            -79.393004,
            43.640562
          ],
          [
            -79.392434,
            43.639021
          ],
          [
            -79.392364,
            43.63882
          ],
          [
            -79.392339,
            43.638748
          ],
          [
            -79.392302,
            43.638642
          ],
          [
            -79.392298,
            43.638634
          ],
          [
            -79.392226,
            43.638453
          ],
          [
            -79.392173,
            43.638327
          ],
          [
            -79.391889,
            43.637653
          ],
          [
            -79.391597,
            43.63771
          ],
          [
            -79.390911,
            43.637858
          ],
          [
            -79.390645,
            43.637916
          ],
          [
            -79.38957,
            43.638149
          ],
          [
            -79.388636,
            43.638355
          ],
          [
            -79.387608,
            43.638615
          ],
          [
            -79.386751,
            43.638826
          ],
          [
            -79.386573,
            43.638854
          ],
          [
            -79.385463,
            43.639029
          ],
          [
            -79.38442,
            43.63921
          ],
          [
            -79.382724,
            43.639505
          ],
          [
            -79.382623,
            43.639523
          ],
          [
            -79.380648,
            43.639868
          ],
          [
            -79.380613,
            43.639872
          ],
          [
            -79.380578,
            43.639877
          ],
          [
            -79.380543,
            43.639881
          ],
          [
            -79.380508,
            43.63989
          ],
          [
            -79.380474,
            43.639894
          ],
          [
            -79.380439,
            43.639899
          ],
          [
            -79.380405,
            43.639903
          ],
          [
            -79.380371,
            43.639912
          ],
          [
            -79.380337,
            43.639921
          ],
          [
            -79.380329,
            43.639923
          ],
          [
            -79.380304,
            43.63993
          ],
          [
            -79.38027,
            43.639939
          ],
          [
            -79.380238,
            43.639953
          ],
          [
            -79.380199,
            43.639963
          ],
          [
            -79.379136,
            43.640359
          ],
          [
            -79.376841,
            43.641152
          ],
          [
            -79.377461,
            43.642078
          ],
          [
            -79.377557,
            43.642303
          ],
          [
            -79.377686,
            43.64265
          ],
          [
            -79.377789,
            43.642922
          ],
          [
            -79.377823,
            43.643006
          ],
          [
            -79.377865,
            43.643109
          ],
          [
            -79.377912,
            43.643217
          ],
          [
            -79.378477,
            43.644513
          ],
          [
            -79.378627,
            43.644861
          ],
          [
            -79.378762,
            43.645168
          ],
          [
            -79.378822,
            43.645306
          ],
          [
            -79.378837,
            43.64534
          ],
          [
            -79.378973,
            43.645636
          ],
          [
            -79.379018,
            43.645632
          ],
          [
            -79.379074,
            43.645625
          ],
          [
            -79.379121,
            43.645601
          ]
        ]
      },
      "properties": {
        "routeId": "510",
        "routeShortName": "510",
        "routeLongName": "Spadina",
        "direction": 0,
        "colorHex": "#ED1C24"
      }
    },
    {
      "type": "Feature",
      "geometry": {
        "type": "LineString",
        "coordinates": [
          [
            -79.379121,
            43.645601
          ],
          [
            -79.379161,
            43.645547
          ],
          [
            -79.379165,
            43.645492
          ],
          [
            -79.379138,
            43.645436
          ],
          [
            -79.379096,
            43.645391
          ],
          [
            -79.379024,
            43.645342
          ],
          [
            -79.378957,
            43.645326
          ],
          [
            -79.378877,
            43.64531
          ],
          [
            -79.378822,
            43.645306
          ],
          [
            -79.378762,
            43.645168
          ],
          [
            -79.378627,
            43.644861
          ],
          [
            -79.378477,
            43.644513
          ],
          [
            -79.377912,
            43.643217
          ],
          [
            -79.377865,
            43.643109
          ],
          [
            -79.377823,
            43.643006
          ],
          [
            -79.377789,
            43.642922
          ],
          [
            -79.377686,
            43.64265
          ],
          [
            -79.377557,
            43.642303
          ],
          [
            -79.377461,
            43.642078
          ],
          [
            -79.376841,
            43.641152
          ],
          [
            -79.379136,
            43.640359
          ],
          [
            -79.380205,
            43.639962
          ],
          [
            -79.380238,
            43.639953
          ],
          [
            -79.38027,
            43.639939
          ],
          [
            -79.380304,
            43.63993
          ],
          [
            -79.380329,
            43.639923
          ],
          [
            -79.380337,
            43.639921
          ],
          [
            -79.380371,
            43.639912
          ],
          [
            -79.380405,
            43.639903
          ],
          [
            -79.380439,
            43.639899
          ],
          [
            -79.380474,
            43.639894
          ],
          [
            -79.380508,
            43.63989
          ],
          [
            -79.380543,
            43.639881
          ],
          [
            -79.380578,
            43.639877
          ],
          [
            -79.380613,
            43.639872
          ],
          [
            -79.380648,
            43.639868
          ],
          [
            -79.382623,
            43.639523
          ],
          [
            -79.382724,
            43.639505
          ],
          [
            -79.38442,
            43.63921
          ],
          [
            -79.385463,
            43.639029
          ],
          [
            -79.386573,
            43.638854
          ],
          [
            -79.386751,
            43.638826
          ],
          [
            -79.387608,
            43.638615
          ],
          [
            -79.388636,
            43.638355
          ],
          [
            -79.38957,
            43.638149
          ],
          [
            -79.390645,
            43.637916
          ],
          [
            -79.390911,
            43.637858
          ],
          [
            -79.391597,
            43.63771
          ],
          [
            -79.391889,
            43.637653
          ],
          [
            -79.392173,
            43.638327
          ],
          [
            -79.392226,
            43.638453
          ],
          [
            -79.392298,
            43.638634
          ],
          [
            -79.392302,
            43.638642
          ],
          [
            -79.392339,
            43.638748
          ],
          [
            -79.392364,
            43.63882
          ],
          [
            -79.392435,
            43.639025
          ],
          [
            -79.393004,
            43.640562
          ],
          [
            -79.393344,
            43.641344
          ],
          [
            -79.393399,
            43.641479
          ],
          [
            -79.393425,
            43.641543
          ],
          [
            -79.393515,
            43.641761
          ],
          [
            -79.39369,
            43.642171
          ],
          [
            -79.393928,
            43.642738
          ],
          [
            -79.394113,
            43.643171
          ],
          [
            -79.394292,
            43.64359
          ],
          [
            -79.394487,
            43.64403
          ],
          [
            -79.394575,
            43.644282
          ],
          [
            -79.394624,
            43.644422
          ],
          [
            -79.394772,
            43.644788
          ],
          [
            -79.394785,
            43.644821
          ],
          [
            -79.394888,
            43.645078
          ],
          [
            -79.395046,
            43.64547
          ],
          [
            -79.395251,
            43.645948
          ],
          [
            -79.395365,
            43.646214
          ],
          [
            -79.39557,
            43.64674
          ],
          [
            -79.395829,
            43.647397
          ],
          [
            -79.395969,
            43.647807
          ],
          [
            -79.396074,
            43.648033
          ],
          [
            -79.396199,
            43.648331
          ],
          [
            -79.396212,
            43.648361
          ],
          [
            -79.396381,
            43.648765
          ],
          [
            -79.396638,
            43.649437
          ],
          [
            -79.396884,
            43.650069
          ],
          [
            -79.397239,
            43.650902
          ],
          [
            -79.397644,
            43.651876
          ],
          [
            -79.397792,
            43.65226
          ],
          [
            -79.397803,
            43.652289
          ],
          [
            -79.398049,
            43.652944
          ],
          [
            -79.398445,
            43.653896
          ],
          [
            -79.398644,
            43.654403
          ],
          [
            -79.39883,
            43.654914
          ],
          [
            -79.398926,
            43.655138
          ],
          [
            -79.399231,
            43.655851
          ],
          [
            -79.399315,
            43.656102
          ],
          [
            -79.399591,
            43.656749
          ],
          [
            -79.399841,
            43.657404
          ],
          [
            -79.399853,
            43.657437
          ],
          [
            -79.400048,
            43.657948
          ],
          [
            -79.400217,
            43.658359
          ],
          [
            -79.400254,
            43.658449
          ],
          [
            -79.400469,
            43.658972
          ],
          [
            -79.400404,
            43.659039
          ],
          [
            -79.400365,
            43.659079
          ],
          [
            -79.400294,
            43.659158
          ],
          [
            -79.400186,
            43.65924
          ],
          [
            -79.400087,
            43.65933
          ],
          [
            -79.400016,
            43.659427
          ],
          [
            -79.39996,
            43.659511
          ],
          [
            -79.399923,
            43.659606
          ],
          [
            -79.399909,
            43.659669
          ],
          [
            -79.39992,
            43.659802
          ],
          [
            -79.399953,
            43.659889
          ],
          [
            -79.399974,
            43.659933
          ],
          [
            -79.400034,
            43.660019
          ],
          [
            -79.40012,
            43.660097
          ],
          [
            -79.400246,
            43.660176
          ],
          [
            -79.400368,
            43.660235
          ],
          [
            -79.40054,
            43.66028
          ],
          [
            -79.400701,
            43.660308
          ],
          [
            -79.401029,
            43.660367
          ],
          [
            -79.40109,
            43.660516
          ],
          [
            -79.40141,
            43.661302
          ],
          [
            -79.401747,
            43.662156
          ],
          [
            -79.401772,
            43.662218
          ],
          [
            -79.402109,
            43.663052
          ],
          [
            -79.402414,
            43.663852
          ],
          [
            -79.402744,
            43.664655
          ],
          [
            -79.403109,
            43.66551
          ],
          [
            -79.403548,
            43.666338
          ],
          [
            -79.403548,
            43.666453
          ],
          [
            -79.40351,
            43.666558
          ],
          [
            -79.403431,
            43.666639
          ],
          [
            -79.403343,
            43.666696
          ],
          [
            -79.403006,
            43.666841
          ],
          [
            -79.402808,
            43.666927
          ],
          [
            -79.40276,
            43.667015
          ],
          [
            -79.40276,
            43.667041
          ],
          [
            -79.402758,
            43.667132
          ],
          [
            -79.402758,
            43.667132
          ],
          [
            -79.402758,
            43.667132
          ],
          [
            -79.402818,
            43.667247
          ],
          [
            -79.402863,
            43.6673
          ],
          [
            -79.402946,
            43.66734
          ],
          [
            -79.403034,
            43.667357
          ],
          [
            -79.403126,
            43.667344
          ]
        ]
      },
      "properties": {
        "routeId": "510",
        "routeShortName": "510",
        "routeLongName": "Spadina",
        "direction": 1,
        "colorHex": "#ED1C24"
      }
    },
    {
      "type": "Feature",
      "geometry": {
        "type": "LineString",
        "coordinates": [
          [
            -79.411308,
            43.666513
          ],
          [
            -79.41131,
            43.66676
          ],
          [
            -79.41134,
            43.666812
          ],
          [
            -79.411446,
            43.666866
          ],
          [
            -79.411855,
            43.666787
          ],
          [
            -79.411788,
            43.66662
          ],
          [
            -79.411438,
            43.665705
          ],
          [
            -79.411414,
            43.665643
          ],
          [
            -79.411357,
            43.665493
          ],
          [
            -79.411212,
            43.665115
          ],
          [
            -79.410716,
            43.66383
          ],
          [
            -79.410249,
            43.662669
          ],
          [
            -79.409769,
            43.661514
          ],
          [
            -79.409436,
            43.660705
          ],
          [
            -79.409089,
            43.659806
          ],
          [
            -79.408468,
            43.658289
          ],
          [
            -79.407722,
            43.656481
          ],
          [
            -79.407538,
            43.656026
          ],
          [
            -79.406835,
            43.654287
          ],
          [
            -79.406022,
            43.652311
          ],
          [
            -79.405652,
            43.651387
          ],
          [
            -79.405604,
            43.651267
          ],
          [
            -79.405499,
            43.651004
          ],
          [
            -79.405454,
            43.650889
          ],
          [
            -79.405248,
            43.650362
          ],
          [
            -79.40501,
            43.649754
          ],
          [
            -79.404702,
            43.648968
          ],
          [
            -79.404649,
            43.648831
          ],
          [
            -79.404602,
            43.648711
          ],
          [
            -79.404589,
            43.648679
          ],
          [
            -79.404432,
            43.648288
          ],
          [
            -79.40434,
            43.648057
          ],
          [
            -79.404327,
            43.648026
          ],
          [
            -79.404189,
            43.647676
          ],
          [
            -79.40401,
            43.647188
          ],
          [
            -79.403889,
            43.646822
          ],
          [
            -79.40376,
            43.646471
          ],
          [
            -79.403369,
            43.645516
          ],
          [
            -79.403233,
            43.645192
          ],
          [
            -79.403105,
            43.64489
          ],
          [
            -79.402955,
            43.644541
          ],
          [
            -79.4029,
            43.644412
          ],
          [
            -79.402705,
            43.643926
          ],
          [
            -79.402396,
            43.643194
          ],
          [
            -79.402195,
            43.642655
          ],
          [
            -79.401895,
            43.641915
          ],
          [
            -79.401736,
            43.641523
          ],
          [
            -79.401681,
            43.641388
          ],
          [
            -79.401421,
            43.640749
          ],
          [
            -79.401348,
            43.640555
          ],
          [
            -79.401271,
            43.640369
          ],
          [
            -79.400662,
            43.638872
          ],
          [
            -79.400649,
            43.638839
          ],
          [
            -79.400435,
            43.638312
          ],
          [
            -79.400346,
            43.638108
          ],
          [
            -79.400309,
            43.638024
          ],
          [
            -79.400286,
            43.637959
          ],
          [
            -79.40024,
            43.637856
          ],
          [
            -79.40003,
            43.637371
          ],
          [
            -79.400017,
            43.637341
          ],
          [
            -79.399815,
            43.636826
          ],
          [
            -79.39972,
            43.636631
          ],
          [
            -79.400268,
            43.636444
          ],
          [
            -79.40077,
            43.636282
          ],
          [
            -79.400879,
            43.636254
          ],
          [
            -79.401058,
            43.636209
          ],
          [
            -79.401431,
            43.636127
          ],
          [
            -79.402019,
            43.636041
          ],
          [
            -79.402089,
            43.636034
          ],
          [
            -79.403044,
            43.635944
          ],
          [
            -79.403549,
            43.635913
          ],
          [
            -79.403729,
            43.635902
          ],
          [
            -79.404098,
            43.635927
          ],
          [
            -79.404235,
            43.635936
          ],
          [
            -79.40429,
            43.635944
          ],
          [
            -79.404369,
            43.635956
          ],
          [
            -79.404708,
            43.636027
          ],
          [
            -79.404807,
            43.636053
          ],
          [
            -79.404945,
            43.636089
          ],
          [
            -79.405224,
            43.636131
          ],
          [
            -79.405237,
            43.636133
          ],
          [
            -79.405412,
            43.636169
          ],
          [
            -79.405483,
            43.636183
          ],
          [
            -79.405738,
            43.636252
          ],
          [
            -79.405997,
            43.636305
          ],
          [
            -79.406299,
            43.636341
          ],
          [
            -79.406606,
            43.636375
          ],
          [
            -79.406802,
            43.63639
          ],
          [
            -79.406841,
            43.636392
          ],
          [
            -79.406895,
            43.636395
          ],
          [
            -79.40712,
            43.636405
          ],
          [
            -79.407374,
            43.636414
          ],
          [
            -79.407609,
            43.636393
          ],
          [
            -79.407809,
            43.636375
          ],
          [
            -79.408654,
            43.63634
          ],
          [
            -79.40964,
            43.636249
          ],
          [
            -79.409826,
            43.636236
          ],
          [
            -79.410385,
            43.636242
          ],
          [
            -79.410584,
            43.636266
          ],
          [
            -79.411482,
            43.636509
          ],
          [
            -79.411615,
            43.636551
          ],
          [
            -79.411722,
            43.636599
          ],
          [
            -79.411811,
            43.636664
          ],
          [
            -79.411994,
            43.636817
          ],
          [
            -79.41211,
            43.636892
          ],
          [
            -79.412241,
            43.636954
          ],
          [
            -79.412394,
            43.636992
          ],
          [
            -79.412786,
            43.637135
          ],
          [
            -79.412869,
            43.637164
          ],
          [
            -79.412898,
            43.637174
          ],
          [
            -79.412998,
            43.637205
          ],
          [
            -79.413064,
            43.637226
          ],
          [
            -79.41313,
            43.637239
          ],
          [
            -79.413149,
            43.637243
          ],
          [
            -79.413191,
            43.637251
          ],
          [
            -79.413395,
            43.637242
          ],
          [
            -79.413652,
            43.637193
          ],
          [
            -79.418188,
            43.635908
          ],
          [
            -79.418288,
            43.635869
          ],
          [
            -79.418335,
            43.635842
          ],
          [
            -79.418368,
            43.635803
          ],
          [
            -79.418371,
            43.635787
          ],
          [
            -79.418379,
            43.635755
          ],
          [
            -79.418365,
            43.635714
          ],
          [
            -79.418345,
            43.635691
          ],
          [
            -79.418322,
            43.635664
          ],
          [
            -79.418266,
            43.635636
          ],
          [
            -79.418139,
            43.635629
          ],
          [
            -79.418014,
            43.63565
          ],
          [
            -79.413763,
            43.636849
          ]
        ]
      },
      "properties": {
        "routeId": "511",
        "routeShortName": "511",
        "routeLongName": "Bathurst",
        "direction": 0,
        "colorHex": "#ED1C24"
      }
    },
    {
      "type": "Feature",
      "geometry": {
        "type": "LineString",
        "coordinates": [
          [
            -79.418014,
            43.63565
          ],
          [
            -79.413763,
            43.636849
          ],
          [
            -79.413147,
            43.636988
          ],
          [
            -79.412893,
            43.637024
          ],
          [
            -79.412394,
            43.636992
          ],
          [
            -79.412241,
            43.636954
          ],
          [
            -79.41211,
            43.636892
          ],
          [
            -79.411994,
            43.636817
          ],
          [
            -79.411811,
            43.636664
          ],
          [
            -79.411722,
            43.636599
          ],
          [
            -79.411615,
            43.636551
          ],
          [
            -79.411482,
            43.636509
          ],
          [
            -79.410584,
            43.636266
          ],
          [
            -79.410385,
            43.636242
          ],
          [
            -79.409826,
            43.636236
          ],
          [
            -79.409631,
            43.636255
          ],
          [
            -79.408654,
            43.63634
          ],
          [
            -79.407809,
            43.636375
          ],
          [
            -79.407609,
            43.636393
          ],
          [
            -79.407374,
            43.636414
          ],
          [
            -79.40712,
            43.636405
          ],
          [
            -79.406895,
            43.636395
          ],
          [
            -79.406841,
            43.636392
          ],
          [
            -79.406802,
            43.63639
          ],
          [
            -79.406606,
            43.636375
          ],
          [
            -79.406299,
            43.636341
          ],
          [
            -79.405997,
            43.636305
          ],
          [
            -79.405738,
            43.636252
          ],
          [
            -79.405483,
            43.636183
          ],
          [
            -79.405412,
            43.636169
          ],
          [
            -79.405237,
            43.636133
          ],
          [
            -79.405224,
            43.636131
          ],
          [
            -79.404945,
            43.636089
          ],
          [
            -79.404807,
            43.636053
          ],
          [
            -79.404708,
            43.636027
          ],
          [
            -79.404369,
            43.635956
          ],
          [
            -79.40429,
            43.635944
          ],
          [
            -79.404235,
            43.635936
          ],
          [
            -79.404098,
            43.635927
          ],
          [
            -79.403729,
            43.635902
          ],
          [
            -79.403549,
            43.635913
          ],
          [
            -79.403044,
            43.635944
          ],
          [
            -79.402089,
            43.636034
          ],
          [
            -79.402019,
            43.636041
          ],
          [
            -79.401431,
            43.636127
          ],
          [
            -79.401058,
            43.636209
          ],
          [
            -79.400879,
            43.636254
          ],
          [
            -79.40077,
            43.636282
          ],
          [
            -79.400268,
            43.636444
          ],
          [
            -79.39972,
            43.636631
          ],
          [
            -79.399815,
            43.636826
          ],
          [
            -79.400017,
            43.637341
          ],
          [
            -79.40003,
            43.637371
          ],
          [
            -79.40024,
            43.637856
          ],
          [
            -79.400286,
            43.637959
          ],
          [
            -79.400309,
            43.638024
          ],
          [
            -79.400346,
            43.638108
          ],
          [
            -79.400435,
            43.638312
          ],
          [
            -79.400649,
            43.638839
          ],
          [
            -79.400662,
            43.638872
          ],
          [
            -79.401271,
            43.640369
          ],
          [
            -79.401348,
            43.640555
          ],
          [
            -79.401421,
            43.640749
          ],
          [
            -79.401681,
            43.641388
          ],
          [
            -79.401736,
            43.641523
          ],
          [
            -79.401895,
            43.641915
          ],
          [
            -79.402195,
            43.642655
          ],
          [
            -79.402396,
            43.643194
          ],
          [
            -79.402705,
            43.643926
          ],
          [
            -79.4029,
            43.644412
          ],
          [
            -79.402955,
            43.644541
          ],
          [
            -79.403105,
            43.64489
          ],
          [
            -79.403233,
            43.645192
          ],
          [
            -79.403369,
            43.645516
          ],
          [
            -79.40376,
            43.646471
          ],
          [
            -79.403889,
            43.646822
          ],
          [
            -79.40401,
            43.647188
          ],
          [
            -79.404189,
            43.647676
          ],
          [
            -79.404327,
            43.648026
          ],
          [
            -79.40434,
            43.648057
          ],
          [
            -79.404432,
            43.648288
          ],
          [
            -79.404589,
            43.648679
          ],
          [
            -79.404602,
            43.648711
          ],
          [
            -79.404649,
            43.648831
          ],
          [
            -79.404702,
            43.648968
          ],
          [
            -79.40501,
            43.649754
          ],
          [
            -79.405248,
            43.650362
          ],
          [
            -79.405454,
            43.650889
          ],
          [
            -79.405499,
            43.651004
          ],
          [
            -79.405604,
            43.651267
          ],
          [
            -79.405652,
            43.651387
          ],
          [
            -79.406022,
            43.652311
          ],
          [
            -79.406835,
            43.654287
          ],
          [
            -79.407538,
            43.656026
          ],
          [
            -79.407722,
            43.656481
          ],
          [
            -79.408468,
            43.658289
          ],
          [
            -79.409089,
            43.659806
          ],
          [
            -79.409436,
            43.660705
          ],
          [
            -79.409769,
            43.661514
          ],
          [
            -79.410249,
            43.662669
          ],
          [
            -79.410716,
            43.66383
          ],
          [
            -79.411212,
            43.665115
          ],
          [
            -79.411357,
            43.665493
          ],
          [
            -79.411414,
            43.665643
          ],
          [
            -79.411438,
            43.665705
          ],
          [
            -79.411436,
            43.665726
          ],
          [
            -79.411424,
            43.665881
          ],
          [
            -79.411369,
            43.666017
          ],
          [
            -79.411333,
            43.666275
          ],
          [
            -79.411308,
            43.666513
          ]
        ]
      },
      "properties": {
        "routeId": "511",
        "routeShortName": "511",
        "routeLongName": "Bathurst",
        "direction": 1,
        "colorHex": "#ED1C24"
      }
    },
    {
      "type": "Feature",
      "geometry": {
        "type": "LineString",
        "coordinates": [
          [
            -79.45102,
            43.675809
          ],
          [
            -79.451144,
            43.676181
          ],
          [
            -79.450601,
            43.676304
          ],
          [
            -79.449827,
            43.676467
          ],
          [
            -79.449426,
            43.676556
          ],
          [
            -79.448635,
            43.676733
          ],
          [
            -79.448153,
            43.67684
          ],
          [
            -79.44743,
            43.677007
          ],
          [
            -79.446222,
            43.677266
          ],
          [
            -79.445663,
            43.677371
          ],
          [
            -79.445069,
            43.677503
          ],
          [
            -79.443081,
            43.677961
          ],
          [
            -79.441974,
            43.678184
          ],
          [
            -79.440856,
            43.678435
          ],
          [
            -79.439754,
            43.678692
          ],
          [
            -79.438771,
            43.678923
          ],
          [
            -79.438598,
            43.678946
          ],
          [
            -79.437559,
            43.679179
          ],
          [
            -79.436589,
            43.679399
          ],
          [
            -79.435911,
            43.679547
          ],
          [
            -79.435689,
            43.679592
          ],
          [
            -79.434685,
            43.679815
          ],
          [
            -79.433647,
            43.680023
          ],
          [
            -79.432503,
            43.680276
          ],
          [
            -79.431293,
            43.680526
          ],
          [
            -79.43074,
            43.680652
          ],
          [
            -79.430113,
            43.680791
          ],
          [
            -79.42945,
            43.680928
          ],
          [
            -79.42887,
            43.681048
          ],
          [
            -79.427701,
            43.681299
          ],
          [
            -79.426184,
            43.681627
          ],
          [
            -79.425719,
            43.681709
          ],
          [
            -79.424569,
            43.681948
          ],
          [
            -79.423452,
            43.682143
          ],
          [
            -79.423207,
            43.682199
          ],
          [
            -79.421974,
            43.682419
          ],
          [
            -79.420223,
            43.682772
          ],
          [
            -79.419545,
            43.682927
          ],
          [
            -79.418301,
            43.683167
          ],
          [
            -79.417141,
            43.683393
          ],
          [
            -79.416141,
            43.68359
          ],
          [
            -79.415921,
            43.683633
          ],
          [
            -79.415343,
            43.683752
          ],
          [
            -79.415331,
            43.683754
          ],
          [
            -79.415345,
            43.683776
          ],
          [
            -79.415351,
            43.683781
          ],
          [
            -79.415368,
            43.6838
          ],
          [
            -79.415393,
            43.683819
          ],
          [
            -79.415461,
            43.68388
          ],
          [
            -79.415612,
            43.684009
          ],
          [
            -79.415621,
            43.684026
          ],
          [
            -79.415732,
            43.684252
          ],
          [
            -79.415828,
            43.684546
          ],
          [
            -79.415822,
            43.68461
          ],
          [
            -79.415763,
            43.684653
          ],
          [
            -79.415642,
            43.684673
          ],
          [
            -79.415293,
            43.684733
          ],
          [
            -79.4152,
            43.684716
          ],
          [
            -79.41515,
            43.684649
          ],
          [
            -79.415087,
            43.684527
          ],
          [
            -79.415068,
            43.684474
          ],
          [
            -79.415071,
            43.684427
          ],
          [
            -79.415111,
            43.684128
          ],
          [
            -79.415136,
            43.683933
          ],
          [
            -79.415149,
            43.683872
          ],
          [
            -79.415153,
            43.683845
          ],
          [
            -79.415153,
            43.683819
          ],
          [
            -79.415148,
            43.683793
          ],
          [
            -79.41508,
            43.683807
          ],
          [
            -79.413514,
            43.684138
          ],
          [
            -79.413394,
            43.684163
          ],
          [
            -79.412531,
            43.684339
          ],
          [
            -79.4123,
            43.68439
          ],
          [
            -79.411169,
            43.684625
          ],
          [
            -79.40984,
            43.68492
          ],
          [
            -79.409363,
            43.685025
          ],
          [
            -79.408767,
            43.685157
          ],
          [
            -79.407904,
            43.685348
          ],
          [
            -79.406336,
            43.685662
          ],
          [
            -79.404787,
            43.68597
          ],
          [
            -79.403883,
            43.686144
          ],
          [
            -79.403152,
            43.686311
          ],
          [
            -79.401495,
            43.68664
          ],
          [
            -79.400732,
            43.686769
          ],
          [
            -79.399868,
            43.686936
          ],
          [
            -79.397975,
            43.687315
          ],
          [
            -79.394141,
            43.688083
          ],
          [
            -79.393597,
            43.68819
          ],
          [
            -79.393378,
            43.688239
          ],
          [
            -79.393225,
            43.688201
          ],
          [
            -79.393144,
            43.688181
          ],
          [
            -79.392824,
            43.6878
          ],
          [
            -79.392797,
            43.68778
          ],
          [
            -79.392766,
            43.687765
          ],
          [
            -79.392734,
            43.687755
          ],
          [
            -79.3927,
            43.687752
          ],
          [
            -79.392666,
            43.687754
          ],
          [
            -79.392633,
            43.687762
          ],
          [
            -79.391522,
            43.688015
          ]
        ]
      },
      "properties": {
        "routeId": "512",
        "routeShortName": "512",
        "routeLongName": "St Clair",
        "direction": 0,
        "colorHex": "#ED1C24"
      }
    },
    {
      "type": "Feature",
      "geometry": {
        "type": "LineString",
        "coordinates": [
          [
            -79.392633,
            43.687762
          ],
          [
            -79.391522,
            43.688015
          ],
          [
            -79.391483,
            43.68803
          ],
          [
            -79.391446,
            43.68805
          ],
          [
            -79.391412,
            43.688075
          ],
          [
            -79.391383,
            43.688105
          ],
          [
            -79.391358,
            43.688139
          ],
          [
            -79.391365,
            43.688215
          ],
          [
            -79.39139,
            43.688286
          ],
          [
            -79.391449,
            43.688466
          ],
          [
            -79.391492,
            43.688647
          ],
          [
            -79.392647,
            43.688405
          ],
          [
            -79.393378,
            43.688239
          ],
          [
            -79.393597,
            43.68819
          ],
          [
            -79.394141,
            43.688083
          ],
          [
            -79.397975,
            43.687315
          ],
          [
            -79.399868,
            43.686936
          ],
          [
            -79.400732,
            43.686769
          ],
          [
            -79.401495,
            43.68664
          ],
          [
            -79.403152,
            43.686311
          ],
          [
            -79.403883,
            43.686144
          ],
          [
            -79.404787,
            43.68597
          ],
          [
            -79.406336,
            43.685662
          ],
          [
            -79.407904,
            43.685348
          ],
          [
            -79.408767,
            43.685157
          ],
          [
            -79.409363,
            43.685025
          ],
          [
            -79.40984,
            43.68492
          ],
          [
            -79.411169,
            43.684625
          ],
          [
            -79.4123,
            43.68439
          ],
          [
            -79.412531,
            43.684339
          ],
          [
            -79.413394,
            43.684163
          ],
          [
            -79.413514,
            43.684138
          ],
          [
            -79.41508,
            43.683807
          ],
          [
            -79.415148,
            43.683793
          ],
          [
            -79.415331,
            43.683754
          ],
          [
            -79.415345,
            43.683776
          ],
          [
            -79.415351,
            43.683781
          ],
          [
            -79.415368,
            43.6838
          ],
          [
            -79.415393,
            43.683819
          ],
          [
            -79.415461,
            43.68388
          ],
          [
            -79.415612,
            43.684009
          ],
          [
            -79.415621,
            43.684026
          ],
          [
            -79.415732,
            43.684252
          ],
          [
            -79.415828,
            43.684546
          ],
          [
            -79.415822,
            43.68461
          ],
          [
            -79.415763,
            43.684653
          ],
          [
            -79.415642,
            43.684673
          ],
          [
            -79.415293,
            43.684733
          ],
          [
            -79.4152,
            43.684716
          ],
          [
            -79.41515,
            43.684649
          ],
          [
            -79.415087,
            43.684527
          ],
          [
            -79.415068,
            43.684474
          ],
          [
            -79.415071,
            43.684427
          ],
          [
            -79.415111,
            43.684128
          ],
          [
            -79.415136,
            43.683933
          ],
          [
            -79.415149,
            43.683872
          ],
          [
            -79.415153,
            43.683845
          ],
          [
            -79.415153,
            43.683819
          ],
          [
            -79.415148,
            43.683793
          ],
          [
            -79.415331,
            43.683754
          ],
          [
            -79.415343,
            43.683752
          ],
          [
            -79.415921,
            43.683633
          ],
          [
            -79.416141,
            43.68359
          ],
          [
            -79.417141,
            43.683393
          ],
          [
            -79.418301,
            43.683167
          ],
          [
            -79.419545,
            43.682927
          ],
          [
            -79.420223,
            43.682772
          ],
          [
            -79.421974,
            43.682419
          ],
          [
            -79.423207,
            43.682199
          ],
          [
            -79.423452,
            43.682143
          ],
          [
            -79.424569,
            43.681948
          ],
          [
            -79.425719,
            43.681709
          ],
          [
            -79.426184,
            43.681627
          ],
          [
            -79.427701,
            43.681299
          ],
          [
            -79.42887,
            43.681048
          ],
          [
            -79.42945,
            43.680928
          ],
          [
            -79.430113,
            43.680791
          ],
          [
            -79.43074,
            43.680652
          ],
          [
            -79.431293,
            43.680526
          ],
          [
            -79.432503,
            43.680276
          ],
          [
            -79.433647,
            43.680023
          ],
          [
            -79.434685,
            43.679815
          ],
          [
            -79.435689,
            43.679592
          ],
          [
            -79.435911,
            43.679547
          ],
          [
            -79.436589,
            43.679399
          ],
          [
            -79.437559,
            43.679179
          ],
          [
            -79.438598,
            43.678946
          ],
          [
            -79.438771,
            43.678923
          ],
          [
            -79.439754,
            43.678692
          ],
          [
            -79.440856,
            43.678435
          ],
          [
            -79.441974,
            43.678184
          ],
          [
            -79.443081,
            43.677961
          ],
          [
            -79.445069,
            43.677503
          ],
          [
            -79.445663,
            43.677371
          ],
          [
            -79.446222,
            43.677266
          ],
          [
            -79.44743,
            43.677007
          ],
          [
            -79.448153,
            43.67684
          ],
          [
            -79.448635,
            43.676733
          ],
          [
            -79.449426,
            43.676556
          ],
          [
            -79.449827,
            43.676467
          ],
          [
            -79.450601,
            43.676304
          ],
          [
            -79.450395,
            43.675863
          ],
          [
            -79.450372,
            43.675813
          ],
          [
            -79.45037,
            43.675809
          ],
          [
            -79.450902,
            43.675691
          ],
          [
            -79.450947,
            43.675702
          ],
          [
            -79.450982,
            43.675732
          ],
          [
            -79.45102,
            43.675809
          ],
          [
            -79.451144,
            43.676181
          ]
        ]
      },
      "properties": {
        "routeId": "512",
        "routeShortName": "512",
        "routeLongName": "St Clair",
        "direction": 1,
        "colorHex": "#ED1C24"
      }
    }
  ]
}